id,fecha_creacion,fecha_cierre,area,categoria,prioridad,canal,solicitante,asunto,descripcion,estado,reaperturas
TK-00183,2025-03-08,2025-04-19,Operaciones,hardware,alta,telefono,usuario117@lafortuna.com.co,El teclado dejo de responder,El solicitante indica que la novedad se presenta de forma intermitente desde hace tres dias.,reabierto,2
TK-00378,2026-06-12,,Compras,vacaciones,alta,correo,usuario085@lafortuna.com.co,Me negaron las vacaciones solicitadas,Se adjunta captura de pantalla del mensaje de error recibido.,abierto,0
TK-00888,2025-06-30,2025-07-05,Talento Humano,sin_clasificar,media,mesa de ayuda,usuario109@lafortuna.com.co,Pendiente por definir,El caso fue reportado por telefono y se registra para trazabilidad.,cerrado,0
TK-01545,2025-01-20,,Comercial,compras,alta,correo,usuario061@lafortuna.com.co,Necesito cotizacion para equipos de la bodega,El solicitante indica que la novedad se presenta de forma intermitente desde hace tres dias.,abierto,0
TK-01349,2026-05-12,2026-05-31,Talento Humano,hardware,baja,mesa de ayuda,usuario044@lafortuna.com.co,El portatil no enciende desde ayer,El usuario reporta la novedad desde el inicio de la jornada y requiere solucion para continuar con su labor.,en_proceso,0
TK-01244,2025-08-19,2025-08-29,Calidad,compras,media,formulario web,usuario103@lafortuna.com.co,Estado de la orden de compra 4471,El usuario reporta la novedad desde el inicio de la jornada y requiere solucion para continuar con su labor.,escalado,0
TK-00240,2026-01-20,,Operaciones,vacaciones,baja,correo,usuario078@lafortuna.com.co,Cuantos dias tengo acumulados,Se solicita atencion prioritaria porque afecta la operacion del area y el cierre del periodo.,abierto,0
TK-01276,2026-05-16,2026-06-22,Contabilidad,hardware,baja,formulario web,usuario180@lafortuna.com.co,El portatil no enciende desde ayer,El usuario reporta la novedad desde el inicio de la jornada y requiere solucion para continuar con su labor.,cerrado,0
TK-01025,2026-03-11,2026-03-21,Comercial,incidente,baja,telefono,usuario085@lafortuna.com.co,Perdida de informacion en el modulo de inventario,,cerrado,0
TK-00048,2025-07-20,2025-08-29,Calidad,gestion_de_accesos,media,correo,usuario120@lafortuna.com.co,Se bloqueo mi usuario tras varios intentos,Se adjunta captura de pantalla del mensaje de error recibido.,cerrado,0
TK-01492,2026-02-27,,Talento Humano,software,baja,formulario web,usuario149@lafortuna.com.co,La aplicacion se cierra al generar el informe,Se adjunta captura de pantalla del mensaje de error recibido.,abierto,0
TK-00452,2025-06-03,,Talento Humano,software,media,correo,usuario048@lafortuna.com.co,Error al guardar el formulario de ingreso,Requerimiento remitido por la jefatura del area para gestion.,escalado,0
TK-01120,2026-03-07,2026-03-30,Calidad,viaticos,alta,formulario web,usuario038@lafortuna.com.co,Cual es el monto autorizado para hospedaje,El solicitante indica que la novedad se presenta de forma intermitente desde hace tres dias.,escalado,0
TK-00417,2025-06-12,,Aplicaciones,conectividad,media,correo,usuario033@lafortuna.com.co,Muy lenta la conexion en la bodega,El usuario reporta la novedad desde el inicio de la jornada y requiere solucion para continuar con su labor.,en_proceso,0
TK-00238,2025-05-26,,Calidad,nomina,critica,telefono,usuario172@lafortuna.com.co,Error en el descuento de la quincena,El usuario reporta la novedad desde el inicio de la jornada y requiere solucion para continuar con su labor.,en_proceso,0
TK-01764,2025-10-10,,Talento Humano,vacaciones,baja,correo,usuario148@lafortuna.com.co,Con cuanta anticipacion debo solicitar vacaciones,Se solicita atencion prioritaria porque afecta la operacion del area y el cierre del periodo.,reabierto,2
TK-00614,2026-03-16,,Infraestructura,accesos,alta,telefono,usuario012@lafortuna.com.co,Se bloqueo mi usuario tras varios intentos,Requerimiento remitido por la jefatura del area para gestion.,reabierto,2
TK-00607,2025-02-15,,Infraestructura,incidente,baja,telefono,usuario176@lafortuna.com.co,Se cayo el servicio de facturacion,El usuario reporta la novedad desde el inicio de la jornada y requiere solucion para continuar con su labor.,abierto,0
TK-01847,2025-11-28,2025-12-02,Contabilidad,accesos,media,correo,usuario109@lafortuna.com.co,Necesito acceso a la carpeta compartida de mi area,Se solicita atencion prioritaria porque afecta la operacion del area y el cierre del periodo.,cerrado,0
TK-00682,2025-11-07,2025-11-12,Calidad,otros,critica,mesa de ayuda,usuario170@lafortuna.com.co,Requerimiento del area,Se adjunta captura de pantalla del mensaje de error recibido.,cerrado,0
TK-00390,2025-06-10,2025-07-24,Contabilidad,gestion_de_accesos,baja,formulario,usuario113@lafortuna.com.co,No puedo entrar al sistema Centrica,Se adjunta captura de pantalla del mensaje de error recibido.,cerrado,0
TK-01836,2026-04-17,,Comercial,hardware,baja,telefono,usuario118@lafortuna.com.co,La impresora de la sede norte imprime rayada,El usuario reporta la novedad desde el inicio de la jornada y requiere solucion para continuar con su labor.,escalado,0
TK-00088,2026-01-26,,Operaciones,capacitacion,alta,formulario,usuario117@lafortuna.com.co,Cuando es la proxima induccion,Requerimiento remitido por la jefatura del area para gestion.,en_proceso,0
TK-01729,2025-07-26,2025-09-04,Infraestructura,accesos,critica,formulario web,usuario006@lafortuna.com.co,Solicito permiso al modulo de cartera,Se adjunta captura de pantalla del mensaje de error recibido.,reabierto,2
TK-01642,2025-10-16,,Contabilidad,hardware,media,correo,usuario138@lafortuna.com.co,Necesito un monitor adicional para el puesto,El usuario reporta la novedad desde el inicio de la jornada y requiere solucion para continuar con su labor.,reabierto,2
TK-01517,2025-08-15,2025-09-04,Calidad,software,baja,correo,usuario030@lafortuna.com.co,Necesito que instalen el visor de planos,Se adjunta captura de pantalla del mensaje de error recibido.,reabierto,1
TK-01342,2026-04-26,,Aplicaciones,aplicaciones,media,mesa de ayuda,usuario140@lafortuna.com.co,La version instalada no coincide con la del area,Requerimiento remitido por la jefatura del area para gestion.,abierto,0
TK-01409,2025-10-23,2025-11-09,Infraestructura,accesos,media,correo,usuario095@lafortuna.com.co,Se bloqueo mi usuario tras varios intentos,El caso fue reportado por telefono y se registra para trazabilidad.,cerrado,0
TK-00855,2026-03-10,,Talento Humano,compras,baja,telefono,usuario030@lafortuna.com.co,El proveedor no ha entregado lo solicitado,El usuario reporta la novedad desde el inicio de la jornada y requiere solucion para continuar con su labor.,abierto,0
TK-01591,2025-03-01,,Aplicaciones,software,baja,correo,usuario106@lafortuna.com.co,La version instalada no coincide con la del area,,abierto,0
TK-01906,2025-06-15,,Talento Humano,hardware,baja,correo,usuario147@lafortuna.com.co,El portatil no enciende desde ayer,El usuario reporta la novedad desde el inicio de la jornada y requiere solucion para continuar con su labor.,abierto,0
TK-00252,2026-02-19,2026-02-23,Infraestructura,otros,alta,formulario web,usuario167@lafortuna.com.co,Pendiente por definir,Se adjunta captura de pantalla del mensaje de error recibido.,cerrado,0
TK-01635,2025-07-05,,Operaciones,software,alta,telefono,usuario109@lafortuna.com.co,La aplicacion se cierra al generar el informe,El usuario reporta la novedad desde el inicio de la jornada y requiere solucion para continuar con su labor.,reabierto,3
TK-01552,2026-03-21,,Calidad,viaticos,critica,telefono,usuario158@lafortuna.com.co,Como legalizo los viaticos del viaje a la costa,Se solicita atencion prioritaria porque afecta la operacion del area y el cierre del periodo.,escalado,0
TK-00493,2026-05-07,2026-05-18,Talento Humano,vacaciones,critica,telefono,usuario120@lafortuna.com.co,Cuantos dias tengo acumulados,El usuario reporta la novedad desde el inicio de la jornada y requiere solucion para continuar con su labor.,en_proceso,0
TK-01632,2025-11-20,2025-12-24,Operaciones,reportes,baja,mesa de ayuda,usuario180@lafortuna.com.co,El reporte no incluye la sede nueva,El solicitante indica que la novedad se presenta de forma intermitente desde hace tres dias.,cerrado,0
TK-01441,2025-10-13,,Operaciones,compras,media,correo,usuario066@lafortuna.com.co,Estado de la orden de compra 4471,El usuario reporta la novedad desde el inicio de la jornada y requiere solucion para continuar con su labor.,reabierto,1
TK-01684,2025-11-09,2025-11-22,Compras,nomina,critica,formulario,usuario118@lafortuna.com.co,Solicito certificado laboral con salario,,cerrado,0
TK-01542,2026-03-04,,Calidad,viaticos,alta,formulario web,usuario078@lafortuna.com.co,Necesito anticipo para comision,El caso fue reportado por telefono y se registra para trazabilidad.,reabierto,2
TK-00955,2026-01-06,,Calidad,compras,critica,telefono,usuario051@lafortuna.com.co,Como registro un proveedor nuevo,,reabierto,2
TK-00539,2025-01-29,,Talento Humano,accesos,baja,mesa de ayuda,usuario043@lafortuna.com.co,Solicito permiso al modulo de cartera,Se solicita atencion prioritaria porque afecta la operacion del area y el cierre del periodo.,abierto,0
TK-00991,2025-05-06,,Contabilidad,accesos,alta,correo,usuario157@lafortuna.com.co,Necesito acceso a la carpeta compartida de mi area,Se solicita atencion prioritaria porque afecta la operacion del area y el cierre del periodo.,en_proceso,0
TK-00191,2025-04-24,,Comercial,hardware,baja,formulario,usuario040@lafortuna.com.co,El teclado dejo de responder,Requerimiento remitido por la jefatura del area para gestion.,en_proceso,0
TK-01118,2025-05-08,,Operaciones,vacaciones,media,formulario web,usuario071@lafortuna.com.co,Puedo dividir mis vacaciones en dos periodos,Se adjunta captura de pantalla del mensaje de error recibido.,reabierto,0
TK-01424,2025-04-18,2025-05-31,Infraestructura,otros,media,correo,usuario149@lafortuna.com.co,Solicitud varias,El usuario reporta la novedad desde el inicio de la jornada y requiere solucion para continuar con su labor.,cerrado,0
TK-01843,2025-02-25,,Talento Humano,accesos,critica,telefono,usuario161@lafortuna.com.co,Se bloqueo mi usuario tras varios intentos,,reabierto,3
TK-00021,2026-03-25,2026-04-11,Talento Humano,viaticos,media,correo,usuario088@lafortuna.com.co,Cual es el monto autorizado para hospedaje,Se solicita atencion prioritaria porque afecta la operacion del area y el cierre del periodo.,cerrado,1
TK-00293,2026-01-05,,Infraestructura,accesos,critica,correo,usuario057@lafortuna.com.co,Necesito acceso a la carpeta compartida de mi area,,en_proceso,0
TK-00396,2025-10-08,,Comercial,vacaciones,baja,correo,usuario081@lafortuna.com.co,Con cuanta anticipacion debo solicitar vacaciones,El caso fue reportado por telefono y se registra para trazabilidad.,escalado,0
TK-01100,2026-06-26,,Operaciones,hardware,baja,telefono,usuario127@lafortuna.com.co,El teclado dejo de responder,Requerimiento remitido por la jefatura del area para gestion.,abierto,0
TK-00812,2025-03-03,2025-03-28,Aplicaciones,compras,alta,telefono,usuario143@lafortuna.com.co,Como registro un proveedor nuevo,El caso fue reportado por telefono y se registra para trazabilidad.,cerrado,0
TK-01141,2025-03-06,,Calidad,accesos,baja,correo,usuario144@lafortuna.com.co,Se bloqueo mi usuario tras varios intentos,El usuario reporta la novedad desde el inicio de la jornada y requiere solucion para continuar con su labor.,abierto,0
TK-00154,2025-07-19,2025-08-31,Operaciones,aplicaciones,media,formulario web,usuario122@lafortuna.com.co,Necesito que instalen el visor de planos,El solicitante indica que la novedad se presenta de forma intermitente desde hace tres dias.,en_proceso,0
TK-00529,2025-11-29,,Talento Humano,software,media,telefono,usuario074@lafortuna.com.co,Necesito que instalen el visor de planos,,reabierto,2
TK-00124,2025-10-29,,Comercial,viaticos,media,mesa de ayuda,usuario053@lafortuna.com.co,Necesito anticipo para comision,El solicitante indica que la novedad se presenta de forma intermitente desde hace tres dias.,abierto,0
TK-01512,2025-04-19,2025-05-05,Calidad,software,alta,formulario,usuario059@lafortuna.com.co,La version instalada no coincide con la del area,El caso fue reportado por telefono y se registra para trazabilidad.,cerrado,0
TK-00490,2025-03-05,2025-03-14,Calidad,hardware,media,correo,usuario132@lafortuna.com.co,Necesito un monitor adicional para el puesto,El caso fue reportado por telefono y se registra para trazabilidad.,cerrado,0
TK-00257,2025-10-20,,Operaciones,accesos,alta,formulario,usuario149@lafortuna.com.co,Se bloqueo mi usuario tras varios intentos,El caso fue reportado por telefono y se registra para trazabilidad.,reabierto,2
TK-01327,2026-02-27,,Infraestructura,reportes,critica,mesa de ayuda,usuario050@lafortuna.com.co,Necesito el reporte de ventas del trimestre,El usuario reporta la novedad desde el inicio de la jornada y requiere solucion para continuar con su labor.,en_proceso,0
TK-00623,2025-05-08,2025-06-06,Compras,aplicaciones,critica,mesa de ayuda,usuario166@lafortuna.com.co,La aplicacion se cierra al generar el informe,Se adjunta captura de pantalla del mensaje de error recibido.,cerrado,0
TK-00761,2025-08-28,,Contabilidad,software,media,mesa de ayuda,usuario092@lafortuna.com.co,La aplicacion se cierra al generar el informe,El solicitante indica que la novedad se presenta de forma intermitente desde hace tres dias.,escalado,0
TK-01388,2025-09-08,,Talento Humano,viaticos,media,telefono,usuario062@lafortuna.com.co,Cual es el monto autorizado para hospedaje,Se adjunta captura de pantalla del mensaje de error recibido.,abierto,0
TK-01475,2025-03-02,,Operaciones,nomina,alta,telefono,usuario009@lafortuna.com.co,Diferencia en el pago de horas extras,El solicitante indica que la novedad se presenta de forma intermitente desde hace tres dias.,reabierto,2
TK-01837,2026-02-19,2026-03-25,Aplicaciones,software,critica,correo,usuario145@lafortuna.com.co,Error al guardar el formulario de ingreso,El solicitante indica que la novedad se presenta de forma intermitente desde hace tres dias.,reabierto,0
TK-01018,2026-05-15,,Talento Humano,reportes,alta,correo,usuario014@lafortuna.com.co,Solicito exportar el listado a Excel,,reabierto,1
TK-01404,2025-07-25,,Compras,aplicaciones,critica,mesa de ayuda,usuario021@lafortuna.com.co,La aplicacion se cierra al generar el informe,,reabierto,2
TK-00405,2026-01-11,,Compras,accesos,media,correo,usuario054@lafortuna.com.co,Necesito acceso a la carpeta compartida de mi area,,abierto,0
TK-01035,2025-04-18,,Calidad,incidente,baja,formulario web,usuario162@lafortuna.com.co,Los usuarios reportan lentitud generalizada,Requerimiento remitido por la jefatura del area para gestion.,en_proceso,0
TK-00133,2026-06-29,,Comercial,vacaciones,media,correo,usuario067@lafortuna.com.co,Me negaron las vacaciones solicitadas,,escalado,0
TK-00833,2025-01-18,2025-02-28,Calidad,hardware,media,formulario web,usuario070@lafortuna.com.co,Solicito reposicion de diadema danada,El usuario reporta la novedad desde el inicio de la jornada y requiere solucion para continuar con su labor.,cerrado,0
TK-00029,2025-02-26,2025-03-08,Infraestructura,gestion_de_accesos,critica,correo,usuario027@lafortuna.com.co,Solicito permiso al modulo de cartera,El solicitante indica que la novedad se presenta de forma intermitente desde hace tres dias.,cerrado,0
TK-01253,2026-06-30,2026-07-11,Infraestructura,incidente,baja,mesa de ayuda,usuario042@lafortuna.com.co,Caida total del sistema en la sede principal,Se adjunta captura de pantalla del mensaje de error recibido.,escalado,0
TK-00285,2026-06-05,,Infraestructura,aplicaciones,baja,correo,usuario147@lafortuna.com.co,Aparece un mensaje de sesion expirada cada cinco minutos,El caso fue reportado por telefono y se registra para trazabilidad.,en_proceso,0
TK-01673,2026-05-29,2026-07-12,Contabilidad,reportes,media,correo,usuario144@lafortuna.com.co,Solicito exportar el listado a Excel,Se adjunta captura de pantalla del mensaje de error recibido.,reabierto,1
TK-01336,2026-04-19,,Comercial,aplicaciones,critica,correo,usuario180@lafortuna.com.co,Aparece un mensaje de sesion expirada cada cinco minutos,,abierto,0
TK-01931,2026-05-29,,Contabilidad,accesos,critica,correo,usuario138@lafortuna.com.co,Solicito permiso al modulo de cartera,Se adjunta captura de pantalla del mensaje de error recibido.,escalado,0
TK-00215,2025-04-28,2025-06-07,Comercial,capacitacion,media,formulario,usuario031@lafortuna.com.co,Cuando es la proxima induccion,El usuario reporta la novedad desde el inicio de la jornada y requiere solucion para continuar con su labor.,cerrado,0
TK-01918,2025-03-29,2025-04-07,Aplicaciones,viaticos,baja,formulario,usuario063@lafortuna.com.co,Necesito anticipo para comision,,cerrado,1
TK-01003,2025-10-20,,Talento Humano,software,media,telefono,usuario059@lafortuna.com.co,Necesito que instalen el visor de planos,,reabierto,3
TK-00881,2025-07-08,,Calidad,incidente,alta,telefono,usuario123@lafortuna.com.co,Caida total del sistema en la sede principal,El caso fue reportado por telefono y se registra para trazabilidad.,abierto,0
TK-00262,2025-11-16,,Calidad,software,critica,telefono,usuario140@lafortuna.com.co,La version instalada no coincide con la del area,El caso fue reportado por telefono y se registra para trazabilidad.,en_proceso,0
TK-00439,2026-02-13,,Infraestructura,vacaciones,media,correo,usuario135@lafortuna.com.co,Me negaron las vacaciones solicitadas,Requerimiento remitido por la jefatura del area para gestion.,en_proceso,0
TK-01307,2025-06-04,,Compras,reportes,baja,telefono,usuario004@lafortuna.com.co,Necesito el reporte de ventas del trimestre,Se solicita atencion prioritaria porque afecta la operacion del area y el cierre del periodo.,reabierto,3
TK-01668,2026-03-12,,Aplicaciones,incidente,critica,telefono,usuario053@lafortuna.com.co,Perdida de informacion en el modulo de inventario,El caso fue reportado por telefono y se registra para trazabilidad.,reabierto,3
TK-01637,2025-02-10,2025-03-19,Comercial,gestion_de_accesos,media,formulario,usuario001@lafortuna.com.co,Necesito acceso a la carpeta compartida de mi area,El solicitante indica que la novedad se presenta de forma intermitente desde hace tres dias.,cerrado,0
TK-01493,2025-03-18,,Infraestructura,conectividad,media,correo,usuario013@lafortuna.com.co,Muy lenta la conexion en la bodega,El solicitante indica que la novedad se presenta de forma intermitente desde hace tres dias.,en_proceso,0
TK-00650,2025-06-03,2025-06-18,Calidad,capacitacion,critica,formulario,usuario177@lafortuna.com.co,Cuando es la proxima induccion,El solicitante indica que la novedad se presenta de forma intermitente desde hace tres dias.,cerrado,1
TK-00862,2026-06-21,,Infraestructura,red,alta,formulario web,usuario168@lafortuna.com.co,Sin internet en el segundo piso,El solicitante indica que la novedad se presenta de forma intermitente desde hace tres dias.,en_proceso,0
TK-01506,2025-12-04,,Aplicaciones,red,media,correo,usuario029@lafortuna.com.co,La VPN se desconecta cada media hora,Se solicita atencion prioritaria porque afecta la operacion del area y el cierre del periodo.,abierto,0
TK-01630,2025-12-16,2025-12-19,Compras,vacaciones,baja,correo,usuario168@lafortuna.com.co,Me negaron las vacaciones solicitadas,Requerimiento remitido por la jefatura del area para gestion.,en_proceso,0
TK-00560,2025-02-18,2025-04-02,Infraestructura,red,media,correo,usuario163@lafortuna.com.co,Sin internet en el segundo piso,El caso fue reportado por telefono y se registra para trazabilidad.,cerrado,0
TK-01896,2025-02-18,,Compras,vacaciones,alta,mesa de ayuda,usuario144@lafortuna.com.co,Con cuanta anticipacion debo solicitar vacaciones,Se solicita atencion prioritaria porque afecta la operacion del area y el cierre del periodo.,abierto,0
TK-01372,2025-07-11,,Infraestructura,red,alta,formulario web,usuario131@lafortuna.com.co,No carga el sistema desde la sede sur,Requerimiento remitido por la jefatura del area para gestion.,reabierto,1
TK-00698,2025-10-15,,Infraestructura,software,media,mesa de ayuda,usuario174@lafortuna.com.co,Necesito que instalen el visor de planos,El caso fue reportado por telefono y se registra para trazabilidad.,en_proceso,0
TK-01908,2025-05-10,,Comercial,viaticos,alta,mesa de ayuda,usuario151@lafortuna.com.co,Necesito anticipo para comision,El solicitante indica que la novedad se presenta de forma intermitente desde hace tres dias.,escalado,0
TK-00045,2025-12-16,,Aplicaciones,red,baja,correo,usuario081@lafortuna.com.co,Sin internet en el segundo piso,Requerimiento remitido por la jefatura del area para gestion.,reabierto,1
TK-01407,2025-07-21,,Operaciones,hardware,media,formulario,usuario027@lafortuna.com.co,Solicito reposicion de diadema danada,El caso fue reportado por telefono y se registra para trazabilidad.,reabierto,2
TK-01267,2025-06-13,2025-07-20,Operaciones,gestion_de_accesos,media,telefono,usuario066@lafortuna.com.co,Necesito acceso a la carpeta compartida de mi area,Se adjunta captura de pantalla del mensaje de error recibido.,cerrado,0
TK-01771,2025-10-23,,Compras,compras,media,mesa de ayuda,usuario019@lafortuna.com.co,Estado de la orden de compra 4471,Requerimiento remitido por la jefatura del area para gestion.,abierto,0
TK-00612,2025-08-30,,Aplicaciones,software,baja,correo,usuario031@lafortuna.com.co,Error al guardar el formulario de ingreso,El usuario reporta la novedad desde el inicio de la jornada y requiere solucion para continuar con su labor.,reabierto,2
TK-01589,2025-09-27,,Aplicaciones,aplicaciones,critica,formulario,usuario157@lafortuna.com.co,Necesito que instalen el visor de planos,El usuario reporta la novedad desde el inicio de la jornada y requiere solucion para continuar con su labor.,escalado,0
TK-00182,2026-03-09,,Compras,aplicaciones,alta,correo,usuario134@lafortuna.com.co,Necesito que instalen el visor de planos,,abierto,0
TK-01362,2025-01-02,2025-01-21,Talento Humano,hardware,baja,formulario,usuario125@lafortuna.com.co,La impresora de la sede norte imprime rayada,Se solicita atencion prioritaria porque afecta la operacion del area y el cierre del periodo.,cerrado,0
TK-00780,2025-07-22,,Calidad,vacaciones,alta,correo,usuario073@lafortuna.com.co,Me negaron las vacaciones solicitadas,El usuario reporta la novedad desde el inicio de la jornada y requiere solucion para continuar con su labor.,abierto,0
TK-00072,2025-10-14,2025-11-21,Infraestructura,software,baja,formulario web,usuario092@lafortuna.com.co,La aplicacion se cierra al generar el informe,Se adjunta captura de pantalla del mensaje de error recibido.,cerrado,0
TK-00189,2025-04-11,,Compras,hardware,alta,telefono,usuario056@lafortuna.com.co,Solicito reposicion de diadema danada,El usuario reporta la novedad desde el inicio de la jornada y requiere solucion para continuar con su labor.,reabierto,2
TK-01234,2025-08-19,,Calidad,nomina,baja,telefono,usuario095@lafortuna.com.co,Error en el descuento de la quincena,Requerimiento remitido por la jefatura del area para gestion.,reabierto,1
TK-01816,2025-05-16,,Infraestructura,nomina,alta,formulario web,usuario120@lafortuna.com.co,Diferencia en el pago de horas extras,,reabierto,2
TK-01145,2025-04-26,,Compras,accesos,media,correo,usuario164@lafortuna.com.co,Solicito permiso al modulo de cartera,,en_proceso,0
TK-01352,2025-12-29,2026-01-29,Contabilidad,accesos,critica,correo,usuario139@lafortuna.com.co,No puedo entrar al sistema Centrica,Requerimiento remitido por la jefatura del area para gestion.,cerrado,0
TK-00692,2026-06-02,,Infraestructura,aplicaciones,baja,mesa de ayuda,usuario073@lafortuna.com.co,Necesito que instalen el visor de planos,El caso fue reportado por telefono y se registra para trazabilidad.,abierto,0
TK-00728,2025-05-30,,Compras,compras,alta,telefono,usuario074@lafortuna.com.co,Estado de la orden de compra 4471,,escalado,0
TK-00018,2025-06-16,,Contabilidad,reportes,critica,telefono,usuario025@lafortuna.com.co,El informe muestra cifras distintas al sistema,Se adjunta captura de pantalla del mensaje de error recibido.,reabierto,1
TK-00765,2025-03-26,2025-04-27,Compras,hardware,baja,formulario,usuario110@lafortuna.com.co,El teclado dejo de responder,Se solicita atencion prioritaria porque afecta la operacion del area y el cierre del periodo.,cerrado,1
TK-01017,2026-05-01,2026-06-11,Contabilidad,conectividad,baja,telefono,usuario140@lafortuna.com.co,La VPN se desconecta cada media hora,El usuario reporta la novedad desde el inicio de la jornada y requiere solucion para continuar con su labor.,cerrado,1
TK-01929,2025-08-09,,Talento Humano,accesos,alta,telefono,usuario043@lafortuna.com.co,Necesito acceso a la carpeta compartida de mi area,El usuario reporta la novedad desde el inicio de la jornada y requiere solucion para continuar con su labor.,abierto,0
TK-01420,2025-11-15,,Compras,software,baja,formulario web,usuario039@lafortuna.com.co,La aplicacion se cierra al generar el informe,El caso fue reportado por telefono y se registra para trazabilidad.,abierto,0
TK-01265,2025-06-24,2025-06-25,Compras,software,baja,formulario web,usuario009@lafortuna.com.co,Aparece un mensaje de sesion expirada cada cinco minutos,,cerrado,0
TK-00435,2025-07-18,,Talento Humano,aplicaciones,media,telefono,usuario122@lafortuna.com.co,La aplicacion se cierra al generar el informe,El solicitante indica que la novedad se presenta de forma intermitente desde hace tres dias.,reabierto,3
TK-01016,2026-06-11,2026-07-25,Aplicaciones,red,media,mesa de ayuda,usuario150@lafortuna.com.co,La VPN se desconecta cada media hora,Se solicita atencion prioritaria porque afecta la operacion del area y el cierre del periodo.,cerrado,0
TK-00949,2025-11-19,2025-12-10,Infraestructura,incidente,media,correo,usuario051@lafortuna.com.co,Perdida de informacion en el modulo de inventario,Requerimiento remitido por la jefatura del area para gestion.,cerrado,0
TK-01666,2025-01-11,,Comercial,incidente,critica,correo,usuario133@lafortuna.com.co,Los usuarios reportan lentitud generalizada,Requerimiento remitido por la jefatura del area para gestion.,en_proceso,0
TK-00229,2025-01-22,,Operaciones,otros,alta,correo,usuario053@lafortuna.com.co,Requerimiento del area,Se adjunta captura de pantalla del mensaje de error recibido.,reabierto,1
TK-00321,2025-04-05,,Comercial,accesos,alta,telefono,usuario095@lafortuna.com.co,Solicito permiso al modulo de cartera,El usuario reporta la novedad desde el inicio de la jornada y requiere solucion para continuar con su labor.,reabierto,3
TK-01127,2025-04-29,2025-05-07,Infraestructura,capacitacion,alta,formulario web,usuario102@lafortuna.com.co,Cuando es la proxima induccion,Se solicita atencion prioritaria porque afecta la operacion del area y el cierre del periodo.,escalado,0
TK-01454,2025-02-01,2025-03-03,Infraestructura,conectividad,media,correo,usuario167@lafortuna.com.co,La VPN se desconecta cada media hora,,cerrado,1
TK-01326,2025-02-12,,Aplicaciones,gestion_de_accesos,alta,correo,usuario053@lafortuna.com.co,Me retiraron el acceso y aun trabajo en el proceso,Se solicita atencion prioritaria porque afecta la operacion del area y el cierre del periodo.,reabierto,3
TK-00052,2025-08-21,,Talento Humano,nomina,media,correo,usuario003@lafortuna.com.co,Diferencia en el pago de horas extras,El usuario reporta la novedad desde el inicio de la jornada y requiere solucion para continuar con su labor.,reabierto,1
TK-01444,2025-05-21,,Aplicaciones,capacitacion,baja,correo,usuario019@lafortuna.com.co,Cuando es la proxima induccion,El solicitante indica que la novedad se presenta de forma intermitente desde hace tres dias.,abierto,0
TK-00667,2026-02-22,,Contabilidad,hardware,baja,telefono,usuario009@lafortuna.com.co,Necesito un monitor adicional para el puesto,Se adjunta captura de pantalla del mensaje de error recibido.,abierto,0
TK-00840,2025-01-13,,Compras,accesos,critica,telefono,usuario039@lafortuna.com.co,Necesito acceso a la carpeta compartida de mi area,,abierto,0
TK-00081,2025-06-26,,Infraestructura,software,alta,formulario web,usuario024@lafortuna.com.co,La version instalada no coincide con la del area,,abierto,0
TK-01615,2025-11-08,,Comercial,incidente,alta,correo,usuario112@lafortuna.com.co,Perdida de informacion en el modulo de inventario,El usuario reporta la novedad desde el inicio de la jornada y requiere solucion para continuar con su labor.,abierto,0
TK-00485,2026-05-11,,Aplicaciones,red,alta,formulario,usuario146@lafortuna.com.co,Sin internet en el segundo piso,,abierto,0
TK-01056,2026-04-18,,Calidad,hardware,alta,mesa de ayuda,usuario131@lafortuna.com.co,La impresora de la sede norte imprime rayada,El usuario reporta la novedad desde el inicio de la jornada y requiere solucion para continuar con su labor.,reabierto,3
TK-00725,2026-05-05,,Compras,gestion_de_accesos,alta,mesa de ayuda,usuario121@lafortuna.com.co,Necesito acceso a la carpeta compartida de mi area,El caso fue reportado por telefono y se registra para trazabilidad.,escalado,0
TK-01503,2026-06-14,,Compras,otros,alta,correo,usuario058@lafortuna.com.co,Solicitud varias,Se adjunta captura de pantalla del mensaje de error recibido.,reabierto,1
TK-01531,2026-06-30,2026-08-12,Comercial,nomina,baja,mesa de ayuda,usuario141@lafortuna.com.co,No me llego el desprendible de pago,El usuario reporta la novedad desde el inicio de la jornada y requiere solucion para continuar con su labor.,cerrado,0
TK-01251,2025-06-08,2025-07-22,Contabilidad,incidente,alta,formulario,usuario143@lafortuna.com.co,Se cayo el servicio de facturacion,Requerimiento remitido por la jefatura del area para gestion.,cerrado,0
TK-01624,2025-03-22,,Talento Humano,hardware,media,formulario,usuario153@lafortuna.com.co,El teclado dejo de responder,Se solicita atencion prioritaria porque afecta la operacion del area y el cierre del periodo.,escalado,0
TK-00752,2026-05-08,,Operaciones,hardware,media,telefono,usuario053@lafortuna.com.co,El teclado dejo de responder,El solicitante indica que la novedad se presenta de forma intermitente desde hace tres dias.,reabierto,1
TK-00068,2025-09-09,,Contabilidad,hardware,alta,correo,usuario174@lafortuna.com.co,El teclado dejo de responder,Se adjunta captura de pantalla del mensaje de error recibido.,abierto,0
TK-00791,2026-02-07,2026-03-18,Comercial,incidente,critica,telefono,usuario124@lafortuna.com.co,Los usuarios reportan lentitud generalizada,,cerrado,0
TK-00310,2025-10-03,,Calidad,red,critica,correo,usuario042@lafortuna.com.co,Muy lenta la conexion en la bodega,El usuario reporta la novedad desde el inicio de la jornada y requiere solucion para continuar con su labor.,reabierto,3
TK-00024,2025-07-15,2025-08-18,Aplicaciones,conectividad,alta,correo,usuario065@lafortuna.com.co,Sin internet en el segundo piso,Se solicita atencion prioritaria porque afecta la operacion del area y el cierre del periodo.,cerrado,0
TK-01702,2025-05-14,,Talento Humano,capacitacion,media,correo,usuario102@lafortuna.com.co,Cuando es la proxima induccion,El solicitante indica que la novedad se presenta de forma intermitente desde hace tres dias.,reabierto,1
TK-00438,2025-06-16,,Comercial,red,media,formulario web,usuario118@lafortuna.com.co,Muy lenta la conexion en la bodega,El solicitante indica que la novedad se presenta de forma intermitente desde hace tres dias.,abierto,0
TK-00843,2026-03-31,2026-05-13,Infraestructura,aplicaciones,baja,formulario,usuario132@lafortuna.com.co,La version instalada no coincide con la del area,Se solicita atencion prioritaria porque afecta la operacion del area y el cierre del periodo.,cerrado,0
TK-00295,2025-02-01,,Infraestructura,otros,media,correo,usuario133@lafortuna.com.co,Consulta general,El solicitante indica que la novedad se presenta de forma intermitente desde hace tres dias.,reabierto,3
TK-00528,2025-10-03,,Contabilidad,reportes,baja,formulario web,usuario152@lafortuna.com.co,El informe muestra cifras distintas al sistema,,abierto,0
TK-00398,2025-04-27,,Compras,accesos,critica,formulario web,usuario016@lafortuna.com.co,Me retiraron el acceso y aun trabajo en el proceso,Se solicita atencion prioritaria porque afecta la operacion del area y el cierre del periodo.,reabierto,1
TK-00400,2025-10-26,,Comercial,software,critica,formulario web,usuario173@lafortuna.com.co,Aparece un mensaje de sesion expirada cada cinco minutos,El usuario reporta la novedad desde el inicio de la jornada y requiere solucion para continuar con su labor.,reabierto,3
TK-00388,2026-03-04,2026-03-10,Compras,hardware,critica,mesa de ayuda,usuario070@lafortuna.com.co,La impresora de la sede norte imprime rayada,Requerimiento remitido por la jefatura del area para gestion.,cerrado,0
TK-00358,2026-05-10,,Compras,hardware,baja,formulario web,usuario175@lafortuna.com.co,Necesito un monitor adicional para el puesto,Se adjunta captura de pantalla del mensaje de error recibido.,reabierto,2
TK-01947,2026-05-10,,Infraestructura,reportes,media,correo,usuario107@lafortuna.com.co,El reporte no incluye la sede nueva,Requerimiento remitido por la jefatura del area para gestion.,reabierto,1
TK-00280,2025-06-27,,Talento Humano,hardware,critica,telefono,usuario025@lafortuna.com.co,Solicito reposicion de diadema danada,El solicitante indica que la novedad se presenta de forma intermitente desde hace tres dias.,reabierto,3
TK-00572,2025-05-06,2025-05-21,Operaciones,incidente,baja,telefono,usuario138@lafortuna.com.co,Perdida de informacion en el modulo de inventario,Se adjunta captura de pantalla del mensaje de error recibido.,reabierto,3
TK-01321,2026-06-26,2026-07-04,Talento Humano,vacaciones,media,formulario web,usuario048@lafortuna.com.co,Me negaron las vacaciones solicitadas,Se solicita atencion prioritaria porque afecta la operacion del area y el cierre del periodo.,cerrado,0
TK-01030,2025-01-25,,Comercial,hardware,alta,mesa de ayuda,usuario112@lafortuna.com.co,Necesito un monitor adicional para el puesto,Se adjunta captura de pantalla del mensaje de error recibido.,abierto,0
TK-00907,2025-02-25,,Calidad,red,media,correo,usuario068@lafortuna.com.co,Sin internet en el segundo piso,El usuario reporta la novedad desde el inicio de la jornada y requiere solucion para continuar con su labor.,reabierto,3
TK-00041,2026-05-24,,Operaciones,aplicaciones,baja,correo,usuario164@lafortuna.com.co,La aplicacion se cierra al generar el informe,El usuario reporta la novedad desde el inicio de la jornada y requiere solucion para continuar con su labor.,reabierto,2
TK-00269,2026-01-13,,Infraestructura,software,alta,correo,usuario109@lafortuna.com.co,Necesito que instalen el visor de planos,,reabierto,1
TK-01346,2026-01-29,,Comercial,viaticos,media,formulario,usuario067@lafortuna.com.co,Cual es el monto autorizado para hospedaje,,abierto,0
TK-01781,2025-07-04,2025-07-11,Aplicaciones,vacaciones,media,telefono,usuario111@lafortuna.com.co,Puedo dividir mis vacaciones en dos periodos,Se adjunta captura de pantalla del mensaje de error recibido.,cerrado,0
TK-00364,2026-04-15,2026-04-26,Infraestructura,red,media,formulario web,usuario161@lafortuna.com.co,Muy lenta la conexion en la bodega,Se solicita atencion prioritaria porque afecta la operacion del area y el cierre del periodo.,cerrado,0
TK-00757,2025-07-02,,Infraestructura,vacaciones,critica,correo,usuario002@lafortuna.com.co,Cuantos dias tengo acumulados,Requerimiento remitido por la jefatura del area para gestion.,reabierto,2
TK-00057,2026-06-19,,Talento Humano,hardware,media,telefono,usuario047@lafortuna.com.co,La impresora de la sede norte imprime rayada,Requerimiento remitido por la jefatura del area para gestion.,escalado,0
TK-01489,2025-06-27,2025-08-04,Talento Humano,viaticos,media,formulario web,usuario141@lafortuna.com.co,Necesito anticipo para comision,Requerimiento remitido por la jefatura del area para gestion.,cerrado,0
TK-01936,2026-03-06,2026-03-06,Comercial,aplicaciones,critica,formulario web,usuario043@lafortuna.com.co,Aparece un mensaje de sesion expirada cada cinco minutos,,cerrado,0
TK-01470,2025-07-28,,Aplicaciones,otros,baja,formulario web,usuario008@lafortuna.com.co,Solicitud varias,Requerimiento remitido por la jefatura del area para gestion.,reabierto,1
TK-01524,2025-01-11,,Compras,compras,baja,formulario,usuario169@lafortuna.com.co,Estado de la orden de compra 4471,El solicitante indica que la novedad se presenta de forma intermitente desde hace tres dias.,abierto,0
TK-00545,2026-05-31,,Compras,compras,alta,formulario,usuario165@lafortuna.com.co,Necesito cotizacion para equipos de la bodega,Se adjunta captura de pantalla del mensaje de error recibido.,abierto,0
TK-01636,2025-01-14,,Contabilidad,accesos,alta,mesa de ayuda,usuario091@lafortuna.com.co,Me retiraron el acceso y aun trabajo en el proceso,Requerimiento remitido por la jefatura del area para gestion.,reabierto,2
TK-01515,2025-07-05,2025-07-27,Talento Humano,gestion_de_accesos,alta,telefono,usuario159@lafortuna.com.co,Necesito acceso a la carpeta compartida de mi area,Se adjunta captura de pantalla del mensaje de error recibido.,cerrado,0
TK-00705,2026-06-05,,Operaciones,hardware,baja,formulario web,usuario089@lafortuna.com.co,Necesito un monitor adicional para el puesto,Se solicita atencion prioritaria porque afecta la operacion del area y el cierre del periodo.,reabierto,3
TK-01287,2025-07-04,2025-08-08,Contabilidad,hardware,alta,telefono,usuario033@lafortuna.com.co,Solicito reposicion de diadema danada,Se solicita atencion prioritaria porque afecta la operacion del area y el cierre del periodo.,cerrado,1
TK-01741,2025-03-29,,Infraestructura,hardware,baja,correo,usuario149@lafortuna.com.co,El portatil no enciende desde ayer,Requerimiento remitido por la jefatura del area para gestion.,abierto,0
TK-01922,2026-05-15,,Comercial,incidente,alta,telefono,usuario134@lafortuna.com.co,Caida total del sistema en la sede principal,El caso fue reportado por telefono y se registra para trazabilidad.,abierto,0
TK-01191,2025-04-06,2025-04-25,Contabilidad,hardware,media,correo,usuario001@lafortuna.com.co,El teclado dejo de responder,Se solicita atencion prioritaria porque afecta la operacion del area y el cierre del periodo.,cerrado,0
TK-00678,2026-03-03,,Operaciones,otros,alta,correo,usuario148@lafortuna.com.co,Requerimiento del area,El caso fue reportado por telefono y se registra para trazabilidad.,reabierto,3
TK-01274,2026-03-25,,Calidad,accesos,baja,formulario,usuario143@lafortuna.com.co,Solicito permiso al modulo de cartera,El usuario reporta la novedad desde el inicio de la jornada y requiere solucion para continuar con su labor.,reabierto,3
TK-01088,2025-03-30,,Compras,incidente,alta,formulario,usuario052@lafortuna.com.co,Se cayo el servicio de facturacion,,reabierto,1
TK-00578,2026-05-13,,Contabilidad,otros,media,formulario web,usuario160@lafortuna.com.co,Solicitud varias,Se adjunta captura de pantalla del mensaje de error recibido.,en_proceso,0
TK-01850,2026-01-07,2026-01-17,Aplicaciones,nomina,alta,correo,usuario177@lafortuna.com.co,No me llego el desprendible de pago,Se adjunta captura de pantalla del mensaje de error recibido.,escalado,0
TK-00089,2026-03-29,,Compras,nomina,media,correo,usuario171@lafortuna.com.co,No me llego el desprendible de pago,El caso fue reportado por telefono y se registra para trazabilidad.,escalado,0
TK-01425,2025-12-10,2025-12-31,Comercial,vacaciones,alta,mesa de ayuda,usuario110@lafortuna.com.co,Cuantos dias tengo acumulados,Se adjunta captura de pantalla del mensaje de error recibido.,cerrado,0
TK-00535,2025-12-08,2026-01-05,Talento Humano,nomina,critica,mesa de ayuda,usuario001@lafortuna.com.co,Diferencia en el pago de horas extras,,cerrado,0
TK-00559,2025-09-19,,Talento Humano,incidente,media,formulario,usuario093@lafortuna.com.co,Caida total del sistema en la sede principal,Se adjunta captura de pantalla del mensaje de error recibido.,abierto,0
TK-00586,2025-08-29,,Compras,red,critica,telefono,usuario068@lafortuna.com.co,Muy lenta la conexion en la bodega,Se solicita atencion prioritaria porque afecta la operacion del area y el cierre del periodo.,escalado,0
TK-00392,2026-01-07,,Calidad,hardware,media,mesa de ayuda,usuario062@lafortuna.com.co,El portatil no enciende desde ayer,El usuario reporta la novedad desde el inicio de la jornada y requiere solucion para continuar con su labor.,en_proceso,0
TK-00892,2025-12-19,,Talento Humano,nomina,baja,formulario web,usuario105@lafortuna.com.co,Diferencia en el pago de horas extras,El caso fue reportado por telefono y se registra para trazabilidad.,reabierto,1
TK-01260,2025-09-07,,Operaciones,compras,baja,telefono,usuario178@lafortuna.com.co,El proveedor no ha entregado lo solicitado,El solicitante indica que la novedad se presenta de forma intermitente desde hace tres dias.,en_proceso,0
TK-00962,2025-01-18,,Infraestructura,compras,baja,telefono,usuario073@lafortuna.com.co,El proveedor no ha entregado lo solicitado,El solicitante indica que la novedad se presenta de forma intermitente desde hace tres dias.,abierto,0
TK-00105,2025-12-21,,Comercial,red,alta,formulario,usuario163@lafortuna.com.co,La VPN se desconecta cada media hora,Se adjunta captura de pantalla del mensaje de error recibido.,reabierto,2
TK-01160,2025-12-23,2025-12-25,Compras,nomina,alta,formulario web,usuario060@lafortuna.com.co,Error en el descuento de la quincena,El caso fue reportado por telefono y se registra para trazabilidad.,en_proceso,0
TK-00599,2026-04-06,2026-05-19,Operaciones,hardware,media,formulario web,usuario141@lafortuna.com.co,Solicito reposicion de diadema danada,El usuario reporta la novedad desde el inicio de la jornada y requiere solucion para continuar con su labor.,cerrado,0
TK-01870,2025-04-15,,Calidad,accesos,baja,telefono,usuario068@lafortuna.com.co,No puedo entrar al sistema Centrica,Requerimiento remitido por la jefatura del area para gestion.,abierto,0
TK-01438,2025-06-01,2025-06-14,Infraestructura,compras,media,formulario,usuario157@lafortuna.com.co,Estado de la orden de compra 4471,El solicitante indica que la novedad se presenta de forma intermitente desde hace tres dias.,cerrado,0
TK-00896,2026-03-14,,Talento Humano,compras,media,formulario web,usuario068@lafortuna.com.co,Estado de la orden de compra 4471,El usuario reporta la novedad desde el inicio de la jornada y requiere solucion para continuar con su labor.,reabierto,3
TK-00469,2025-09-07,2025-09-22,Contabilidad,aplicaciones,critica,correo,usuario009@lafortuna.com.co,Error al guardar el formulario de ingreso,El solicitante indica que la novedad se presenta de forma intermitente desde hace tres dias.,cerrado,0
TK-01052,2025-08-25,,Aplicaciones,nomina,media,correo,usuario123@lafortuna.com.co,No me llego el desprendible de pago,El usuario reporta la novedad desde el inicio de la jornada y requiere solucion para continuar con su labor.,en_proceso,0
TK-00524,2025-09-24,,Contabilidad,compras,media,correo,usuario079@lafortuna.com.co,El proveedor no ha entregado lo solicitado,El caso fue reportado por telefono y se registra para trazabilidad.,abierto,0
TK-01181,2026-01-01,,Talento Humano,compras,alta,formulario web,usuario055@lafortuna.com.co,El proveedor no ha entregado lo solicitado,Requerimiento remitido por la jefatura del area para gestion.,abierto,0
TK-00744,2025-09-25,,Infraestructura,accesos,alta,correo,usuario125@lafortuna.com.co,Necesito acceso a la carpeta compartida de mi area,Se solicita atencion prioritaria porque afecta la operacion del area y el cierre del periodo.,reabierto,2
TK-01273,2025-10-22,2025-11-20,Comercial,accesos,media,formulario,usuario019@lafortuna.com.co,No puedo entrar al sistema Centrica,Requerimiento remitido por la jefatura del area para gestion.,cerrado,0
TK-00289,2026-05-29,,Contabilidad,nomina,alta,correo,usuario128@lafortuna.com.co,No me llego el desprendible de pago,Se adjunta captura de pantalla del mensaje de error recibido.,reabierto,1
TK-00898,2025-04-04,2025-05-13,Infraestructura,aplicaciones,media,correo,usuario079@lafortuna.com.co,La aplicacion se cierra al generar el informe,Se adjunta captura de pantalla del mensaje de error recibido.,cerrado,0
TK-01557,2025-09-04,,Infraestructura,software,alta,formulario,usuario055@lafortuna.com.co,Aparece un mensaje de sesion expirada cada cinco minutos,Requerimiento remitido por la jefatura del area para gestion.,escalado,0
TK-01413,2025-07-24,,Contabilidad,hardware,media,telefono,usuario096@lafortuna.com.co,Solicito reposicion de diadema danada,Se adjunta captura de pantalla del mensaje de error recibido.,en_proceso,0
TK-00822,2025-05-30,2025-06-28,Comercial,hardware,alta,mesa de ayuda,usuario099@lafortuna.com.co,El portatil no enciende desde ayer,El usuario reporta la novedad desde el inicio de la jornada y requiere solucion para continuar con su labor.,cerrado,0
TK-01655,2025-04-08,,Contabilidad,reportes,media,telefono,usuario174@lafortuna.com.co,Solicito exportar el listado a Excel,El caso fue reportado por telefono y se registra para trazabilidad.,abierto,0
TK-01459,2025-12-01,,Contabilidad,sin_clasificar,critica,formulario,usuario033@lafortuna.com.co,Consulta general,El solicitante indica que la novedad se presenta de forma intermitente desde hace tres dias.,abierto,0
TK-00546,2025-09-24,,Comercial,nomina,alta,mesa de ayuda,usuario121@lafortuna.com.co,Diferencia en el pago de horas extras,Se adjunta captura de pantalla del mensaje de error recibido.,reabierto,1
TK-00849,2025-06-27,,Aplicaciones,hardware,alta,correo,usuario092@lafortuna.com.co,El teclado dejo de responder,Requerimiento remitido por la jefatura del area para gestion.,escalado,0
TK-00781,2025-12-23,,Calidad,conectividad,alta,mesa de ayuda,usuario065@lafortuna.com.co,Sin internet en el segundo piso,El usuario reporta la novedad desde el inicio de la jornada y requiere solucion para continuar con su labor.,abierto,0
TK-00920,2026-03-21,2026-04-12,Compras,nomina,baja,mesa de ayuda,usuario138@lafortuna.com.co,Error en el descuento de la quincena,El solicitante indica que la novedad se presenta de forma intermitente desde hace tres dias.,cerrado,0
TK-00207,2025-05-17,,Talento Humano,accesos,alta,correo,usuario120@lafortuna.com.co,Solicito permiso al modulo de cartera,El usuario reporta la novedad desde el inicio de la jornada y requiere solucion para continuar con su labor.,abierto,0
TK-00443,2025-05-20,2025-06-13,Compras,nomina,critica,mesa de ayuda,usuario029@lafortuna.com.co,No me llego el desprendible de pago,El solicitante indica que la novedad se presenta de forma intermitente desde hace tres dias.,reabierto,0
TK-00641,2025-11-02,,Calidad,software,baja,formulario,usuario115@lafortuna.com.co,Necesito que instalen el visor de planos,,abierto,0
TK-00359,2025-06-19,,Contabilidad,conectividad,media,formulario,usuario127@lafortuna.com.co,Sin internet en el segundo piso,Se adjunta captura de pantalla del mensaje de error recibido.,reabierto,2
TK-00928,2026-05-02,2026-06-11,Comercial,accesos,alta,correo,usuario043@lafortuna.com.co,Necesito acceso a la carpeta compartida de mi area,El usuario reporta la novedad desde el inicio de la jornada y requiere solucion para continuar con su labor.,cerrado,0
TK-00421,2025-01-31,,Contabilidad,nomina,alta,telefono,usuario152@lafortuna.com.co,Error en el descuento de la quincena,Se solicita atencion prioritaria porque afecta la operacion del area y el cierre del periodo.,abierto,0
TK-00260,2026-02-15,,Compras,incidente,alta,mesa de ayuda,usuario050@lafortuna.com.co,Perdida de informacion en el modulo de inventario,El usuario reporta la novedad desde el inicio de la jornada y requiere solucion para continuar con su labor.,escalado,0
TK-00366,2026-06-19,,Compras,reportes,baja,correo,usuario116@lafortuna.com.co,Necesito el reporte de ventas del trimestre,El usuario reporta la novedad desde el inicio de la jornada y requiere solucion para continuar con su labor.,abierto,0
TK-00030,2026-05-27,2026-06-03,Infraestructura,red,alta,mesa de ayuda,usuario076@lafortuna.com.co,Sin internet en el segundo piso,Se solicita atencion prioritaria porque afecta la operacion del area y el cierre del periodo.,cerrado,0
TK-01135,2026-01-13,,Compras,accesos,critica,correo,usuario007@lafortuna.com.co,Se bloqueo mi usuario tras varios intentos,Se solicita atencion prioritaria porque afecta la operacion del area y el cierre del periodo.,abierto,0
TK-00626,2026-01-10,,Aplicaciones,reportes,media,correo,usuario091@lafortuna.com.co,Solicito exportar el listado a Excel,El solicitante indica que la novedad se presenta de forma intermitente desde hace tres dias.,reabierto,1
TK-00451,2025-07-27,,Operaciones,reportes,media,correo,usuario111@lafortuna.com.co,Necesito el reporte de ventas del trimestre,Se adjunta captura de pantalla del mensaje de error recibido.,escalado,0
TK-00885,2025-01-09,,Infraestructura,gestion_de_accesos,alta,correo,usuario052@lafortuna.com.co,Me retiraron el acceso y aun trabajo en el proceso,Requerimiento remitido por la jefatura del area para gestion.,abierto,0
TK-00094,2026-06-06,,Talento Humano,reportes,media,formulario,usuario056@lafortuna.com.co,Solicito exportar el listado a Excel,Se solicita atencion prioritaria porque afecta la operacion del area y el cierre del periodo.,reabierto,3
TK-01911,2025-08-21,,Comercial,incidente,media,correo,usuario151@lafortuna.com.co,Perdida de informacion en el modulo de inventario,Requerimiento remitido por la jefatura del area para gestion.,abierto,0
TK-01627,2025-04-15,,Infraestructura,vacaciones,media,formulario web,usuario033@lafortuna.com.co,Cuantos dias tengo acumulados,El caso fue reportado por telefono y se registra para trazabilidad.,en_proceso,0
TK-00482,2025-01-15,,Infraestructura,hardware,media,correo,usuario179@lafortuna.com.co,La impresora de la sede norte imprime rayada,El caso fue reportado por telefono y se registra para trazabilidad.,en_proceso,0
TK-00726,2025-12-09,2026-01-23,Contabilidad,hardware,alta,mesa de ayuda,usuario036@lafortuna.com.co,Necesito un monitor adicional para el puesto,Se adjunta captura de pantalla del mensaje de error recibido.,reabierto,3
TK-00829,2025-02-07,,Operaciones,compras,alta,telefono,usuario045@lafortuna.com.co,Estado de la orden de compra 4471,Se solicita atencion prioritaria porque afecta la operacion del area y el cierre del periodo.,escalado,0
TK-00350,2025-04-29,,Calidad,otros,baja,correo,usuario069@lafortuna.com.co,Solicitud varias,Requerimiento remitido por la jefatura del area para gestion.,reabierto,0
TK-01840,2025-08-26,,Comercial,aplicaciones,alta,formulario,usuario110@lafortuna.com.co,Error al guardar el formulario de ingreso,Requerimiento remitido por la jefatura del area para gestion.,abierto,0
TK-00567,2025-03-30,2025-04-24,Calidad,incidente,alta,telefono,usuario108@lafortuna.com.co,Se cayo el servicio de facturacion,El caso fue reportado por telefono y se registra para trazabilidad.,cerrado,0
TK-00510,2026-04-03,,Aplicaciones,red,critica,correo,usuario120@lafortuna.com.co,Muy lenta la conexion en la bodega,El usuario reporta la novedad desde el inicio de la jornada y requiere solucion para continuar con su labor.,reabierto,2
TK-01903,2026-05-28,,Contabilidad,vacaciones,critica,telefono,usuario154@lafortuna.com.co,Cuantos dias tengo acumulados,El usuario reporta la novedad desde el inicio de la jornada y requiere solucion para continuar con su labor.,reabierto,2
TK-01874,2026-06-16,,Operaciones,accesos,critica,correo,usuario028@lafortuna.com.co,Se bloqueo mi usuario tras varios intentos,El usuario reporta la novedad desde el inicio de la jornada y requiere solucion para continuar con su labor.,reabierto,1
TK-01873,2025-02-25,2025-03-21,Compras,software,baja,formulario web,usuario051@lafortuna.com.co,Error al guardar el formulario de ingreso,Requerimiento remitido por la jefatura del area para gestion.,cerrado,0
TK-00901,2025-09-17,,Talento Humano,conectividad,alta,formulario,usuario013@lafortuna.com.co,La VPN se desconecta cada media hora,Requerimiento remitido por la jefatura del area para gestion.,en_proceso,0
TK-00307,2025-11-02,2025-12-04,Comercial,otros,media,correo,usuario080@lafortuna.com.co,Consulta general,Requerimiento remitido por la jefatura del area para gestion.,reabierto,2
TK-01749,2025-06-07,2025-07-02,Calidad,hardware,media,mesa de ayuda,usuario011@lafortuna.com.co,El portatil no enciende desde ayer,El usuario reporta la novedad desde el inicio de la jornada y requiere solucion para continuar con su labor.,reabierto,2
TK-00010,2025-07-10,2025-08-11,Calidad,incidente,alta,formulario web,usuario089@lafortuna.com.co,Los usuarios reportan lentitud generalizada,El solicitante indica que la novedad se presenta de forma intermitente desde hace tres dias.,cerrado,0
TK-00369,2025-01-04,2025-02-14,Compras,viaticos,media,telefono,usuario171@lafortuna.com.co,Como legalizo los viaticos del viaje a la costa,El caso fue reportado por telefono y se registra para trazabilidad.,cerrado,0
TK-00222,2025-08-09,,Talento Humano,compras,baja,telefono,usuario023@lafortuna.com.co,El proveedor no ha entregado lo solicitado,El usuario reporta la novedad desde el inicio de la jornada y requiere solucion para continuar con su labor.,reabierto,1
TK-00031,2025-11-13,2025-12-24,Contabilidad,software,baja,telefono,usuario133@lafortuna.com.co,Error al guardar el formulario de ingreso,El usuario reporta la novedad desde el inicio de la jornada y requiere solucion para continuar con su labor.,cerrado,0
TK-01601,2025-02-18,2025-03-21,Comercial,vacaciones,critica,telefono,usuario115@lafortuna.com.co,Me negaron las vacaciones solicitadas,Se adjunta captura de pantalla del mensaje de error recibido.,cerrado,0
TK-01011,2026-04-10,2026-05-09,Aplicaciones,aplicaciones,media,formulario web,usuario096@lafortuna.com.co,Necesito que instalen el visor de planos,Requerimiento remitido por la jefatura del area para gestion.,cerrado,0
TK-00494,2025-05-02,,Infraestructura,vacaciones,alta,mesa de ayuda,usuario154@lafortuna.com.co,Con cuanta anticipacion debo solicitar vacaciones,El usuario reporta la novedad desde el inicio de la jornada y requiere solucion para continuar con su labor.,en_proceso,0
TK-01226,2025-12-01,2025-12-03,Calidad,reportes,critica,telefono,usuario080@lafortuna.com.co,Solicito exportar el listado a Excel,El usuario reporta la novedad desde el inicio de la jornada y requiere solucion para continuar con su labor.,cerrado,0
TK-00882,2025-03-13,,Infraestructura,capacitacion,alta,correo,usuario018@lafortuna.com.co,Solicito capacitacion en el modulo nuevo,El caso fue reportado por telefono y se registra para trazabilidad.,reabierto,2
TK-00701,2025-07-15,,Comercial,accesos,critica,telefono,usuario157@lafortuna.com.co,Necesito acceso a la carpeta compartida de mi area,,abierto,0
TK-01488,2026-04-29,2026-06-01,Comercial,accesos,critica,correo,usuario156@lafortuna.com.co,Me retiraron el acceso y aun trabajo en el proceso,El solicitante indica que la novedad se presenta de forma intermitente desde hace tres dias.,cerrado,0
TK-00712,2026-05-04,,Operaciones,sin_clasificar,critica,formulario web,usuario162@lafortuna.com.co,Solicitud varias,El solicitante indica que la novedad se presenta de forma intermitente desde hace tres dias.,en_proceso,0
TK-00132,2026-04-12,2026-04-24,Infraestructura,reportes,critica,mesa de ayuda,usuario179@lafortuna.com.co,El informe muestra cifras distintas al sistema,Se adjunta captura de pantalla del mensaje de error recibido.,cerrado,0
TK-01614,2025-04-08,2025-04-21,Compras,incidente,baja,telefono,usuario037@lafortuna.com.co,Se cayo el servicio de facturacion,Requerimiento remitido por la jefatura del area para gestion.,en_proceso,0
TK-01844,2026-01-26,,Infraestructura,red,media,telefono,usuario159@lafortuna.com.co,La VPN se desconecta cada media hora,Requerimiento remitido por la jefatura del area para gestion.,reabierto,2
TK-01561,2026-06-11,,Infraestructura,capacitacion,media,mesa de ayuda,usuario058@lafortuna.com.co,Solicito capacitacion en el modulo nuevo,El caso fue reportado por telefono y se registra para trazabilidad.,abierto,0
TK-01334,2025-02-11,,Compras,gestion_de_accesos,alta,formulario web,usuario110@lafortuna.com.co,Solicito permiso al modulo de cartera,El solicitante indica que la novedad se presenta de forma intermitente desde hace tres dias.,en_proceso,0
TK-01610,2026-01-26,,Contabilidad,software,critica,telefono,usuario101@lafortuna.com.co,Aparece un mensaje de sesion expirada cada cinco minutos,El caso fue reportado por telefono y se registra para trazabilidad.,abierto,0
TK-00548,2026-01-04,,Contabilidad,nomina,baja,mesa de ayuda,usuario083@lafortuna.com.co,No me llego el desprendible de pago,El usuario reporta la novedad desde el inicio de la jornada y requiere solucion para continuar con su labor.,reabierto,3
TK-00602,2026-01-13,2026-01-17,Infraestructura,compras,baja,telefono,usuario037@lafortuna.com.co,Necesito cotizacion para equipos de la bodega,El caso fue reportado por telefono y se registra para trazabilidad.,cerrado,0
TK-01410,2025-03-13,,Aplicaciones,aplicaciones,alta,correo,usuario121@lafortuna.com.co,Aparece un mensaje de sesion expirada cada cinco minutos,El solicitante indica que la novedad se presenta de forma intermitente desde hace tres dias.,reabierto,3
TK-00015,2025-11-25,,Contabilidad,nomina,baja,formulario,usuario007@lafortuna.com.co,Error en el descuento de la quincena,El solicitante indica que la novedad se presenta de forma intermitente desde hace tres dias.,reabierto,2
TK-00100,2025-03-15,2025-04-02,Compras,gestion_de_accesos,baja,formulario,usuario077@lafortuna.com.co,No puedo entrar al sistema Centrica,,cerrado,0
TK-00899,2026-04-01,,Compras,gestion_de_accesos,baja,correo,usuario065@lafortuna.com.co,Solicito permiso al modulo de cartera,Se solicita atencion prioritaria porque afecta la operacion del area y el cierre del periodo.,abierto,0
TK-01766,2026-01-14,,Calidad,incidente,critica,mesa de ayuda,usuario028@lafortuna.com.co,Caida total del sistema en la sede principal,,reabierto,1
TK-00617,2025-03-11,2025-03-24,Infraestructura,software,baja,telefono,usuario141@lafortuna.com.co,La aplicacion se cierra al generar el informe,El usuario reporta la novedad desde el inicio de la jornada y requiere solucion para continuar con su labor.,cerrado,0
TK-01105,2026-05-30,2026-07-12,Infraestructura,aplicaciones,alta,formulario,usuario105@lafortuna.com.co,Error al guardar el formulario de ingreso,Se adjunta captura de pantalla del mensaje de error recibido.,cerrado,0
TK-01063,2025-09-09,2025-09-17,Operaciones,incidente,alta,correo,usuario008@lafortuna.com.co,Los usuarios reportan lentitud generalizada,,cerrado,0
TK-00543,2025-12-02,,Compras,compras,media,correo,usuario086@lafortuna.com.co,El proveedor no ha entregado lo solicitado,Se adjunta captura de pantalla del mensaje de error recibido.,en_proceso,0
TK-01033,2026-03-08,,Comercial,hardware,critica,correo,usuario119@lafortuna.com.co,El teclado dejo de responder,,abierto,0
TK-00492,2025-01-30,2025-02-28,Comercial,accesos,media,formulario,usuario019@lafortuna.com.co,Necesito acceso a la carpeta compartida de mi area,El caso fue reportado por telefono y se registra para trazabilidad.,cerrado,0
TK-00255,2025-08-20,2025-09-14,Contabilidad,reportes,media,telefono,usuario111@lafortuna.com.co,Solicito exportar el listado a Excel,,cerrado,0
TK-00973,2026-05-04,2026-05-25,Infraestructura,vacaciones,alta,telefono,usuario179@lafortuna.com.co,Me negaron las vacaciones solicitadas,El caso fue reportado por telefono y se registra para trazabilidad.,cerrado,0
TK-00218,2026-05-20,,Talento Humano,gestion_de_accesos,alta,correo,usuario101@lafortuna.com.co,No puedo entrar al sistema Centrica,El caso fue reportado por telefono y se registra para trazabilidad.,reabierto,1
TK-00415,2026-06-26,,Comercial,aplicaciones,media,correo,usuario006@lafortuna.com.co,La aplicacion se cierra al generar el informe,,abierto,0
TK-01823,2025-05-26,,Operaciones,reportes,media,formulario web,usuario018@lafortuna.com.co,Solicito exportar el listado a Excel,El solicitante indica que la novedad se presenta de forma intermitente desde hace tres dias.,en_proceso,0
TK-01629,2025-09-19,,Aplicaciones,accesos,critica,correo,usuario171@lafortuna.com.co,No puedo entrar al sistema Centrica,El usuario reporta la novedad desde el inicio de la jornada y requiere solucion para continuar con su labor.,reabierto,1
TK-01024,2025-05-13,,Comercial,otros,media,formulario web,usuario154@lafortuna.com.co,Solicitud varias,Se adjunta captura de pantalla del mensaje de error recibido.,abierto,0
TK-00848,2026-06-12,,Infraestructura,otros,critica,correo,usuario020@lafortuna.com.co,Solicitud varias,El caso fue reportado por telefono y se registra para trazabilidad.,en_proceso,0
TK-01359,2025-04-21,,Operaciones,conectividad,media,correo,usuario034@lafortuna.com.co,No carga el sistema desde la sede sur,Requerimiento remitido por la jefatura del area para gestion.,reabierto,1
TK-01048,2026-06-23,,Infraestructura,software,baja,telefono,usuario173@lafortuna.com.co,Necesito que instalen el visor de planos,Requerimiento remitido por la jefatura del area para gestion.,reabierto,1
TK-00169,2026-01-22,,Comercial,aplicaciones,baja,telefono,usuario144@lafortuna.com.co,Error al guardar el formulario de ingreso,,reabierto,3
TK-00630,2026-02-09,,Talento Humano,hardware,alta,mesa de ayuda,usuario102@lafortuna.com.co,Necesito un monitor adicional para el puesto,El caso fue reportado por telefono y se registra para trazabilidad.,escalado,0
TK-00006,2025-05-01,,Comercial,incidente,alta,telefono,usuario118@lafortuna.com.co,Los usuarios reportan lentitud generalizada,El caso fue reportado por telefono y se registra para trazabilidad.,abierto,0
TK-01436,2025-01-09,2025-02-05,Operaciones,capacitacion,media,formulario,usuario144@lafortuna.com.co,Solicito capacitacion en el modulo nuevo,El solicitante indica que la novedad se presenta de forma intermitente desde hace tres dias.,en_proceso,0
TK-00680,2025-09-21,,Aplicaciones,aplicaciones,media,telefono,usuario034@lafortuna.com.co,Necesito que instalen el visor de planos,,en_proceso,0
TK-01080,2025-01-24,,Aplicaciones,compras,alta,correo,usuario014@lafortuna.com.co,El proveedor no ha entregado lo solicitado,Se adjunta captura de pantalla del mensaje de error recibido.,abierto,0
TK-01620,2025-12-21,,Talento Humano,incidente,baja,correo,usuario142@lafortuna.com.co,Perdida de informacion en el modulo de inventario,Se solicita atencion prioritaria porque afecta la operacion del area y el cierre del periodo.,reabierto,2
TK-00788,2025-10-20,,Comercial,aplicaciones,alta,correo,usuario134@lafortuna.com.co,Necesito que instalen el visor de planos,Se adjunta captura de pantalla del mensaje de error recibido.,abierto,0
TK-00810,2025-04-21,2025-05-27,Compras,hardware,alta,correo,usuario007@lafortuna.com.co,El portatil no enciende desde ayer,,cerrado,0
TK-00806,2025-12-15,,Operaciones,red,media,formulario,usuario169@lafortuna.com.co,Sin internet en el segundo piso,El usuario reporta la novedad desde el inicio de la jornada y requiere solucion para continuar con su labor.,escalado,0
TK-01822,2025-02-24,,Calidad,incidente,media,formulario,usuario028@lafortuna.com.co,Se cayo el servicio de facturacion,Se solicita atencion prioritaria porque afecta la operacion del area y el cierre del periodo.,reabierto,1
TK-01568,2025-12-09,,Aplicaciones,otros,critica,telefono,usuario106@lafortuna.com.co,Pendiente por definir,,reabierto,2
TK-00802,2025-12-01,,Aplicaciones,otros,critica,correo,usuario019@lafortuna.com.co,Solicitud varias,,escalado,0
TK-00074,2026-05-15,2026-06-01,Operaciones,accesos,media,mesa de ayuda,usuario133@lafortuna.com.co,Me retiraron el acceso y aun trabajo en el proceso,,reabierto,3
TK-01516,2025-12-08,,Comercial,otros,critica,correo,usuario159@lafortuna.com.co,Requerimiento del area,El usuario reporta la novedad desde el inicio de la jornada y requiere solucion para continuar con su labor.,reabierto,1
TK-01895,2025-08-31,2025-09-22,Comercial,software,alta,formulario,usuario002@lafortuna.com.co,Necesito que instalen el visor de planos,Se solicita atencion prioritaria porque afecta la operacion del area y el cierre del periodo.,cerrado,0
TK-00818,2025-10-27,,Infraestructura,vacaciones,alta,formulario web,usuario035@lafortuna.com.co,Me negaron las vacaciones solicitadas,Se solicita atencion prioritaria porque afecta la operacion del area y el cierre del periodo.,en_proceso,0
TK-00797,2026-05-17,,Infraestructura,compras,baja,correo,usuario114@lafortuna.com.co,Necesito cotizacion para equipos de la bodega,El usuario reporta la novedad desde el inicio de la jornada y requiere solucion para continuar con su labor.,reabierto,1
TK-01098,2026-06-30,,Compras,reportes,critica,correo,usuario047@lafortuna.com.co,Solicito exportar el listado a Excel,Se solicita atencion prioritaria porque afecta la operacion del area y el cierre del periodo.,reabierto,2
TK-01193,2025-01-29,,Comercial,hardware,critica,telefono,usuario022@lafortuna.com.co,La impresora de la sede norte imprime rayada,Requerimiento remitido por la jefatura del area para gestion.,en_proceso,0
TK-00387,2025-04-15,,Calidad,aplicaciones,baja,mesa de ayuda,usuario137@lafortuna.com.co,Aparece un mensaje de sesion expirada cada cinco minutos,Requerimiento remitido por la jefatura del area para gestion.,reabierto,1
TK-01921,2025-04-05,2025-05-02,Talento Humano,accesos,alta,mesa de ayuda,usuario035@lafortuna.com.co,Necesito acceso a la carpeta compartida de mi area,El caso fue reportado por telefono y se registra para trazabilidad.,cerrado,0
TK-00210,2026-02-15,,Aplicaciones,red,critica,mesa de ayuda,usuario162@lafortuna.com.co,Muy lenta la conexion en la bodega,El solicitante indica que la novedad se presenta de forma intermitente desde hace tres dias.,escalado,0
TK-00453,2026-02-28,2026-04-06,Calidad,accesos,baja,formulario,usuario089@lafortuna.com.co,Solicito permiso al modulo de cartera,El caso fue reportado por telefono y se registra para trazabilidad.,escalado,0
TK-01079,2025-01-08,,Talento Humano,aplicaciones,media,telefono,usuario055@lafortuna.com.co,Necesito que instalen el visor de planos,,abierto,0
TK-00665,2026-04-22,,Compras,hardware,baja,telefono,usuario116@lafortuna.com.co,El teclado dejo de responder,El usuario reporta la novedad desde el inicio de la jornada y requiere solucion para continuar con su labor.,en_proceso,0
TK-00631,2026-03-07,2026-03-22,Operaciones,capacitacion,alta,mesa de ayuda,usuario009@lafortuna.com.co,Cuando es la proxima induccion,,cerrado,0
TK-00209,2025-04-10,,Infraestructura,viaticos,baja,correo,usuario092@lafortuna.com.co,Cual es el monto autorizado para hospedaje,,abierto,0
TK-01046,2025-05-07,,Contabilidad,aplicaciones,media,correo,usuario078@lafortuna.com.co,Error al guardar el formulario de ingreso,El usuario reporta la novedad desde el inicio de la jornada y requiere solucion para continuar con su labor.,reabierto,2
TK-01403,2026-06-19,2026-06-22,Calidad,incidente,alta,correo,usuario038@lafortuna.com.co,Se cayo el servicio de facturacion,El usuario reporta la novedad desde el inicio de la jornada y requiere solucion para continuar con su labor.,cerrado,0
TK-01057,2025-07-17,,Comercial,incidente,alta,formulario web,usuario100@lafortuna.com.co,Perdida de informacion en el modulo de inventario,,en_proceso,0
TK-00777,2025-03-23,,Comercial,incidente,baja,correo,usuario030@lafortuna.com.co,Caida total del sistema en la sede principal,,reabierto,3
TK-00314,2026-05-11,,Operaciones,otros,critica,formulario,usuario086@lafortuna.com.co,Pendiente por definir,El usuario reporta la novedad desde el inicio de la jornada y requiere solucion para continuar con su labor.,reabierto,2
TK-00109,2026-06-18,2026-07-12,Comercial,nomina,alta,telefono,usuario088@lafortuna.com.co,Error en el descuento de la quincena,Se adjunta captura de pantalla del mensaje de error recibido.,cerrado,0
TK-00128,2026-03-23,,Aplicaciones,incidente,baja,formulario,usuario003@lafortuna.com.co,Caida total del sistema en la sede principal,Requerimiento remitido por la jefatura del area para gestion.,en_proceso,0
TK-00383,2025-07-06,,Talento Humano,viaticos,critica,correo,usuario013@lafortuna.com.co,Cual es el monto autorizado para hospedaje,El caso fue reportado por telefono y se registra para trazabilidad.,abierto,0
TK-00069,2025-09-23,,Contabilidad,capacitacion,media,telefono,usuario098@lafortuna.com.co,Solicito capacitacion en el modulo nuevo,El caso fue reportado por telefono y se registra para trazabilidad.,en_proceso,0
TK-00768,2026-05-30,2026-06-22,Contabilidad,nomina,media,correo,usuario077@lafortuna.com.co,Diferencia en el pago de horas extras,El solicitante indica que la novedad se presenta de forma intermitente desde hace tres dias.,cerrado,0
TK-00104,2026-05-20,,Compras,hardware,critica,correo,usuario095@lafortuna.com.co,Solicito reposicion de diadema danada,El usuario reporta la novedad desde el inicio de la jornada y requiere solucion para continuar con su labor.,en_proceso,0
TK-01072,2025-05-26,,Contabilidad,viaticos,media,telefono,usuario010@lafortuna.com.co,No me han reembolsado los gastos del mes pasado,,reabierto,1
TK-01031,2026-02-01,,Talento Humano,viaticos,media,formulario,usuario118@lafortuna.com.co,No me han reembolsado los gastos del mes pasado,El caso fue reportado por telefono y se registra para trazabilidad.,en_proceso,0
TK-01190,2025-07-07,,Calidad,hardware,media,formulario,usuario026@lafortuna.com.co,Solicito reposicion de diadema danada,Requerimiento remitido por la jefatura del area para gestion.,reabierto,2
TK-00254,2026-01-14,2026-01-14,Contabilidad,compras,critica,mesa de ayuda,usuario131@lafortuna.com.co,Estado de la orden de compra 4471,El solicitante indica que la novedad se presenta de forma intermitente desde hace tres dias.,cerrado,0
TK-01366,2025-05-21,,Aplicaciones,nomina,baja,formulario,usuario093@lafortuna.com.co,Error en el descuento de la quincena,Se adjunta captura de pantalla del mensaje de error recibido.,en_proceso,0
TK-00379,2026-01-29,,Infraestructura,aplicaciones,media,telefono,usuario077@lafortuna.com.co,La version instalada no coincide con la del area,El solicitante indica que la novedad se presenta de forma intermitente desde hace tres dias.,abierto,0
TK-00598,2026-05-16,,Talento Humano,nomina,critica,formulario,usuario086@lafortuna.com.co,Diferencia en el pago de horas extras,El usuario reporta la novedad desde el inicio de la jornada y requiere solucion para continuar con su labor.,reabierto,3
TK-01081,2025-03-19,,Compras,hardware,critica,telefono,usuario166@lafortuna.com.co,Solicito reposicion de diadema danada,El usuario reporta la novedad desde el inicio de la jornada y requiere solucion para continuar con su labor.,en_proceso,0
TK-00356,2025-11-22,,Comercial,gestion_de_accesos,alta,mesa de ayuda,usuario032@lafortuna.com.co,Se bloqueo mi usuario tras varios intentos,Requerimiento remitido por la jefatura del area para gestion.,abierto,0
TK-01875,2025-10-30,,Talento Humano,aplicaciones,critica,correo,usuario109@lafortuna.com.co,La version instalada no coincide con la del area,El solicitante indica que la novedad se presenta de forma intermitente desde hace tres dias.,abierto,0
TK-01333,2025-02-15,,Talento Humano,reportes,baja,telefono,usuario093@lafortuna.com.co,Necesito el reporte de ventas del trimestre,El caso fue reportado por telefono y se registra para trazabilidad.,en_proceso,0
TK-00395,2026-05-21,2026-06-01,Calidad,nomina,media,formulario web,usuario166@lafortuna.com.co,Solicito certificado laboral con salario,El solicitante indica que la novedad se presenta de forma intermitente desde hace tres dias.,cerrado,0
TK-00461,2025-10-21,,Compras,viaticos,critica,formulario web,usuario166@lafortuna.com.co,Necesito anticipo para comision,,abierto,0
TK-00184,2025-10-10,2025-11-06,Calidad,incidente,alta,formulario web,usuario039@lafortuna.com.co,Se cayo el servicio de facturacion,El caso fue reportado por telefono y se registra para trazabilidad.,en_proceso,0
TK-01479,2026-06-27,,Comercial,software,alta,formulario,usuario115@lafortuna.com.co,Necesito que instalen el visor de planos,Se adjunta captura de pantalla del mensaje de error recibido.,reabierto,1
TK-00735,2025-10-19,2025-10-20,Compras,reportes,baja,formulario,usuario105@lafortuna.com.co,Necesito el reporte de ventas del trimestre,El usuario reporta la novedad desde el inicio de la jornada y requiere solucion para continuar con su labor.,cerrado,0
TK-00404,2025-04-25,2025-05-05,Compras,accesos,alta,telefono,usuario042@lafortuna.com.co,Se bloqueo mi usuario tras varios intentos,Se solicita atencion prioritaria porque afecta la operacion del area y el cierre del periodo.,cerrado,1
TK-01339,2025-12-23,,Talento Humano,accesos,media,formulario,usuario016@lafortuna.com.co,Se bloqueo mi usuario tras varios intentos,Se solicita atencion prioritaria porque afecta la operacion del area y el cierre del periodo.,abierto,0
TK-01179,2025-09-18,2025-09-30,Infraestructura,vacaciones,baja,telefono,usuario048@lafortuna.com.co,Me negaron las vacaciones solicitadas,El solicitante indica que la novedad se presenta de forma intermitente desde hace tres dias.,cerrado,0
TK-00856,2025-07-09,2025-07-19,Compras,viaticos,media,correo,usuario100@lafortuna.com.co,Como legalizo los viaticos del viaje a la costa,El solicitante indica que la novedad se presenta de forma intermitente desde hace tres dias.,cerrado,0
TK-01898,2025-10-19,,Compras,gestion_de_accesos,alta,formulario,usuario119@lafortuna.com.co,Necesito acceso a la carpeta compartida de mi area,Se solicita atencion prioritaria porque afecta la operacion del area y el cierre del periodo.,escalado,0
TK-01174,2025-12-26,,Aplicaciones,aplicaciones,baja,correo,usuario111@lafortuna.com.co,Error al guardar el formulario de ingreso,El solicitante indica que la novedad se presenta de forma intermitente desde hace tres dias.,en_proceso,0
TK-00165,2026-02-01,2026-02-23,Calidad,incidente,alta,formulario,usuario040@lafortuna.com.co,Caida total del sistema en la sede principal,Se solicita atencion prioritaria porque afecta la operacion del area y el cierre del periodo.,cerrado,0
TK-00365,2025-06-09,,Comercial,software,baja,telefono,usuario071@lafortuna.com.co,La aplicacion se cierra al generar el informe,Se adjunta captura de pantalla del mensaje de error recibido.,abierto,0
TK-00587,2025-10-22,2025-11-22,Aplicaciones,gestion_de_accesos,media,formulario web,usuario161@lafortuna.com.co,Me retiraron el acceso y aun trabajo en el proceso,El usuario reporta la novedad desde el inicio de la jornada y requiere solucion para continuar con su labor.,cerrado,0
TK-00732,2025-12-25,,Infraestructura,nomina,baja,telefono,usuario172@lafortuna.com.co,Solicito certificado laboral con salario,El usuario reporta la novedad desde el inicio de la jornada y requiere solucion para continuar con su labor.,reabierto,3
TK-01548,2025-11-28,,Contabilidad,red,alta,telefono,usuario166@lafortuna.com.co,La VPN se desconecta cada media hora,El usuario reporta la novedad desde el inicio de la jornada y requiere solucion para continuar con su labor.,abierto,0
TK-01659,2025-01-02,,Talento Humano,incidente,critica,correo,usuario123@lafortuna.com.co,Se cayo el servicio de facturacion,,en_proceso,0
TK-01188,2025-01-20,2025-01-25,Aplicaciones,aplicaciones,media,correo,usuario049@lafortuna.com.co,La version instalada no coincide con la del area,Requerimiento remitido por la jefatura del area para gestion.,cerrado,0
TK-00357,2025-04-30,,Calidad,accesos,media,telefono,usuario039@lafortuna.com.co,Se bloqueo mi usuario tras varios intentos,Se solicita atencion prioritaria porque afecta la operacion del area y el cierre del periodo.,abierto,0
TK-01496,2026-04-09,2026-04-21,Operaciones,reportes,critica,telefono,usuario117@lafortuna.com.co,Necesito el reporte de ventas del trimestre,El caso fue reportado por telefono y se registra para trazabilidad.,reabierto,3
TK-00610,2025-01-19,,Comercial,hardware,media,formulario web,usuario046@lafortuna.com.co,Necesito un monitor adicional para el puesto,El caso fue reportado por telefono y se registra para trazabilidad.,en_proceso,0
TK-00472,2025-09-22,2025-10-02,Contabilidad,aplicaciones,alta,correo,usuario053@lafortuna.com.co,La aplicacion se cierra al generar el informe,El solicitante indica que la novedad se presenta de forma intermitente desde hace tres dias.,cerrado,0
TK-00706,2025-01-18,,Calidad,viaticos,baja,correo,usuario125@lafortuna.com.co,Como legalizo los viaticos del viaje a la costa,,escalado,0
TK-00867,2026-04-25,2026-05-12,Infraestructura,incidente,alta,correo,usuario007@lafortuna.com.co,Perdida de informacion en el modulo de inventario,Requerimiento remitido por la jefatura del area para gestion.,cerrado,0
TK-01905,2025-09-22,2025-11-05,Talento Humano,vacaciones,baja,correo,usuario071@lafortuna.com.co,Con cuanta anticipacion debo solicitar vacaciones,Se adjunta captura de pantalla del mensaje de error recibido.,cerrado,0
TK-01173,2026-02-28,,Operaciones,hardware,alta,telefono,usuario061@lafortuna.com.co,El teclado dejo de responder,El solicitante indica que la novedad se presenta de forma intermitente desde hace tres dias.,en_proceso,0
TK-01801,2025-03-23,2025-04-12,Infraestructura,hardware,media,telefono,usuario019@lafortuna.com.co,Solicito reposicion de diadema danada,,cerrado,0
TK-00994,2026-03-09,2026-04-13,Comercial,nomina,alta,telefono,usuario123@lafortuna.com.co,Error en el descuento de la quincena,Requerimiento remitido por la jefatura del area para gestion.,cerrado,1
TK-01713,2025-11-07,2025-11-18,Calidad,incidente,media,mesa de ayuda,usuario169@lafortuna.com.co,Se cayo el servicio de facturacion,El usuario reporta la novedad desde el inicio de la jornada y requiere solucion para continuar con su labor.,cerrado,0
TK-01490,2026-06-21,2026-06-22,Comercial,vacaciones,critica,telefono,usuario016@lafortuna.com.co,Me negaron las vacaciones solicitadas,Se adjunta captura de pantalla del mensaje de error recibido.,cerrado,0
TK-00643,2025-07-18,,Comercial,gestion_de_accesos,alta,correo,usuario085@lafortuna.com.co,Necesito acceso a la carpeta compartida de mi area,El usuario reporta la novedad desde el inicio de la jornada y requiere solucion para continuar con su labor.,escalado,0
TK-01599,2025-08-23,2025-09-13,Calidad,compras,critica,telefono,usuario108@lafortuna.com.co,Estado de la orden de compra 4471,Se solicita atencion prioritaria porque afecta la operacion del area y el cierre del periodo.,cerrado,0
TK-00581,2025-07-07,,Talento Humano,nomina,media,correo,usuario019@lafortuna.com.co,Diferencia en el pago de horas extras,El caso fue reportado por telefono y se registra para trazabilidad.,en_proceso,0
TK-00583,2026-03-03,2026-03-20,Infraestructura,compras,media,telefono,usuario002@lafortuna.com.co,El proveedor no ha entregado lo solicitado,Se solicita atencion prioritaria porque afecta la operacion del area y el cierre del periodo.,cerrado,0
TK-01560,2025-10-28,,Aplicaciones,vacaciones,critica,correo,usuario068@lafortuna.com.co,Con cuanta anticipacion debo solicitar vacaciones,,reabierto,1
TK-00512,2026-05-23,2026-06-02,Infraestructura,viaticos,baja,correo,usuario087@lafortuna.com.co,No me han reembolsado los gastos del mes pasado,El caso fue reportado por telefono y se registra para trazabilidad.,reabierto,2
TK-01261,2026-05-10,,Infraestructura,sin_clasificar,critica,telefono,usuario047@lafortuna.com.co,Consulta general,El solicitante indica que la novedad se presenta de forma intermitente desde hace tres dias.,abierto,0
TK-01597,2025-11-22,,Operaciones,software,baja,mesa de ayuda,usuario057@lafortuna.com.co,La aplicacion se cierra al generar el informe,Requerimiento remitido por la jefatura del area para gestion.,abierto,0
TK-00186,2025-06-09,,Aplicaciones,aplicaciones,alta,mesa de ayuda,usuario016@lafortuna.com.co,Necesito que instalen el visor de planos,El caso fue reportado por telefono y se registra para trazabilidad.,abierto,0
TK-01008,2025-08-09,,Operaciones,hardware,critica,correo,usuario103@lafortuna.com.co,El portatil no enciende desde ayer,,en_proceso,0
TK-00747,2026-05-08,,Operaciones,accesos,media,formulario web,usuario108@lafortuna.com.co,Se bloqueo mi usuario tras varios intentos,El caso fue reportado por telefono y se registra para trazabilidad.,abierto,0
TK-01550,2025-08-20,,Aplicaciones,accesos,critica,correo,usuario078@lafortuna.com.co,Solicito permiso al modulo de cartera,Se solicita atencion prioritaria porque afecta la operacion del area y el cierre del periodo.,reabierto,1
TK-01651,2025-05-12,2025-06-20,Contabilidad,compras,baja,formulario web,usuario079@lafortuna.com.co,Estado de la orden de compra 4471,,cerrado,0
TK-00115,2025-12-19,2025-12-22,Contabilidad,nomina,alta,telefono,usuario170@lafortuna.com.co,Diferencia en el pago de horas extras,,cerrado,0
TK-01153,2025-05-26,,Comercial,hardware,critica,formulario web,usuario115@lafortuna.com.co,Solicito reposicion de diadema danada,El usuario reporta la novedad desde el inicio de la jornada y requiere solucion para continuar con su labor.,en_proceso,0
TK-00831,2025-09-24,2025-10-06,Comercial,reportes,critica,telefono,usuario069@lafortuna.com.co,Necesito el reporte de ventas del trimestre,El solicitante indica que la novedad se presenta de forma intermitente desde hace tres dias.,cerrado,1
TK-01369,2026-04-20,,Comercial,nomina,media,mesa de ayuda,usuario119@lafortuna.com.co,Diferencia en el pago de horas extras,Se adjunta captura de pantalla del mensaje de error recibido.,en_proceso,0
TK-00832,2025-08-03,,Compras,reportes,baja,correo,usuario114@lafortuna.com.co,Solicito exportar el listado a Excel,El solicitante indica que la novedad se presenta de forma intermitente desde hace tres dias.,reabierto,2
TK-01373,2025-01-20,2025-02-06,Talento Humano,gestion_de_accesos,media,mesa de ayuda,usuario038@lafortuna.com.co,Se bloqueo mi usuario tras varios intentos,El caso fue reportado por telefono y se registra para trazabilidad.,cerrado,0
TK-01068,2026-03-27,2026-04-29,Talento Humano,accesos,media,formulario web,usuario083@lafortuna.com.co,Necesito acceso a la carpeta compartida de mi area,El usuario reporta la novedad desde el inicio de la jornada y requiere solucion para continuar con su labor.,cerrado,0
TK-01151,2026-01-22,2026-02-23,Talento Humano,reportes,media,telefono,usuario165@lafortuna.com.co,El informe muestra cifras distintas al sistema,El caso fue reportado por telefono y se registra para trazabilidad.,cerrado,0
TK-01451,2026-06-05,2026-06-15,Calidad,compras,media,formulario,usuario071@lafortuna.com.co,Como registro un proveedor nuevo,Se solicita atencion prioritaria porque afecta la operacion del area y el cierre del periodo.,cerrado,0
TK-01792,2025-06-04,2025-07-18,Infraestructura,capacitacion,critica,mesa de ayuda,usuario095@lafortuna.com.co,Cuando es la proxima induccion,Se solicita atencion prioritaria porque afecta la operacion del area y el cierre del periodo.,cerrado,0
TK-01069,2025-12-06,,Operaciones,nomina,baja,telefono,usuario096@lafortuna.com.co,Diferencia en el pago de horas extras,El usuario reporta la novedad desde el inicio de la jornada y requiere solucion para continuar con su labor.,reabierto,3
TK-00126,2025-03-16,,Aplicaciones,compras,media,correo,usuario018@lafortuna.com.co,Estado de la orden de compra 4471,Requerimiento remitido por la jefatura del area para gestion.,abierto,0
TK-00473,2025-05-02,2025-05-16,Calidad,conectividad,alta,mesa de ayuda,usuario001@lafortuna.com.co,Sin internet en el segundo piso,El caso fue reportado por telefono y se registra para trazabilidad.,en_proceso,0
TK-00993,2025-07-29,,Talento Humano,hardware,baja,correo,usuario056@lafortuna.com.co,El portatil no enciende desde ayer,Se solicita atencion prioritaria porque afecta la operacion del area y el cierre del periodo.,en_proceso,0
TK-00150,2026-06-06,,Compras,hardware,critica,formulario web,usuario061@lafortuna.com.co,La impresora de la sede norte imprime rayada,El usuario reporta la novedad desde el inicio de la jornada y requiere solucion para continuar con su labor.,escalado,0
TK-00913,2026-05-18,,Comercial,incidente,critica,telefono,usuario176@lafortuna.com.co,Perdida de informacion en el modulo de inventario,El solicitante indica que la novedad se presenta de forma intermitente desde hace tres dias.,reabierto,1
TK-01295,2025-03-18,2025-04-11,Calidad,compras,critica,correo,usuario172@lafortuna.com.co,Como registro un proveedor nuevo,Se adjunta captura de pantalla del mensaje de error recibido.,cerrado,0
TK-01575,2025-05-02,2025-06-06,Comercial,gestion_de_accesos,alta,correo,usuario100@lafortuna.com.co,Solicito permiso al modulo de cartera,El caso fue reportado por telefono y se registra para trazabilidad.,cerrado,0
TK-00304,2025-07-04,,Comercial,software,media,correo,usuario026@lafortuna.com.co,Necesito que instalen el visor de planos,Se adjunta captura de pantalla del mensaje de error recibido.,abierto,0
TK-00711,2026-02-08,,Infraestructura,software,alta,correo,usuario012@lafortuna.com.co,La aplicacion se cierra al generar el informe,El solicitante indica que la novedad se presenta de forma intermitente desde hace tres dias.,en_proceso,0
TK-00938,2026-06-24,2026-08-04,Talento Humano,hardware,critica,mesa de ayuda,usuario031@lafortuna.com.co,La impresora de la sede norte imprime rayada,Requerimiento remitido por la jefatura del area para gestion.,cerrado,0
TK-01667,2026-04-30,2026-06-11,Contabilidad,nomina,critica,correo,usuario173@lafortuna.com.co,Error en el descuento de la quincena,Se solicita atencion prioritaria porque afecta la operacion del area y el cierre del periodo.,cerrado,0
TK-00632,2025-11-30,,Talento Humano,vacaciones,media,telefono,usuario114@lafortuna.com.co,Cuantos dias tengo acumulados,Requerimiento remitido por la jefatura del area para gestion.,en_proceso,0
TK-00440,2025-05-27,,Compras,incidente,media,mesa de ayuda,usuario171@lafortuna.com.co,Caida total del sistema en la sede principal,Se adjunta captura de pantalla del mensaje de error recibido.,abierto,0
TK-01282,2025-04-24,2025-05-02,Calidad,viaticos,alta,telefono,usuario179@lafortuna.com.co,Cual es el monto autorizado para hospedaje,El caso fue reportado por telefono y se registra para trazabilidad.,cerrado,0
TK-01793,2025-05-21,2025-06-06,Operaciones,nomina,critica,mesa de ayuda,usuario027@lafortuna.com.co,Diferencia en el pago de horas extras,El solicitante indica que la novedad se presenta de forma intermitente desde hace tres dias.,cerrado,0
TK-00531,2025-05-07,2025-06-20,Contabilidad,software,baja,telefono,usuario093@lafortuna.com.co,La aplicacion se cierra al generar el informe,Requerimiento remitido por la jefatura del area para gestion.,cerrado,0
TK-00591,2026-04-05,2026-04-28,Operaciones,aplicaciones,alta,mesa de ayuda,usuario010@lafortuna.com.co,Aparece un mensaje de sesion expirada cada cinco minutos,El solicitante indica que la novedad se presenta de forma intermitente desde hace tres dias.,cerrado,0
TK-00783,2025-09-17,2025-10-07,Contabilidad,otros,media,telefono,usuario088@lafortuna.com.co,Requerimiento del area,Se adjunta captura de pantalla del mensaje de error recibido.,cerrado,0
TK-01787,2025-12-30,,Aplicaciones,otros,baja,correo,usuario003@lafortuna.com.co,Solicitud varias,El solicitante indica que la novedad se presenta de forma intermitente desde hace tres dias.,reabierto,1
TK-00279,2026-02-03,,Calidad,hardware,baja,mesa de ayuda,usuario178@lafortuna.com.co,La impresora de la sede norte imprime rayada,,abierto,0
TK-01328,2026-03-04,,Comercial,incidente,critica,telefono,usuario113@lafortuna.com.co,Los usuarios reportan lentitud generalizada,Se adjunta captura de pantalla del mensaje de error recibido.,escalado,0
TK-01036,2026-06-23,2026-07-30,Aplicaciones,hardware,alta,telefono,usuario120@lafortuna.com.co,Solicito reposicion de diadema danada,El solicitante indica que la novedad se presenta de forma intermitente desde hace tres dias.,cerrado,0
TK-01166,2025-04-28,,Compras,software,baja,mesa de ayuda,usuario103@lafortuna.com.co,Aparece un mensaje de sesion expirada cada cinco minutos,Se adjunta captura de pantalla del mensaje de error recibido.,reabierto,2
TK-01886,2025-11-03,,Contabilidad,accesos,alta,correo,usuario024@lafortuna.com.co,Solicito permiso al modulo de cartera,El caso fue reportado por telefono y se registra para trazabilidad.,en_proceso,0
TK-00980,2025-08-17,,Compras,otros,alta,formulario web,usuario114@lafortuna.com.co,Requerimiento del area,El usuario reporta la novedad desde el inicio de la jornada y requiere solucion para continuar con su labor.,reabierto,2
TK-01091,2025-11-09,,Aplicaciones,aplicaciones,media,correo,usuario023@lafortuna.com.co,La version instalada no coincide con la del area,El caso fue reportado por telefono y se registra para trazabilidad.,reabierto,2
TK-00486,2026-02-04,2026-03-14,Comercial,otros,alta,correo,usuario079@lafortuna.com.co,Solicitud varias,El usuario reporta la novedad desde el inicio de la jornada y requiere solucion para continuar con su labor.,cerrado,0
TK-01640,2026-04-05,,Aplicaciones,vacaciones,media,correo,usuario150@lafortuna.com.co,Puedo dividir mis vacaciones en dos periodos,Se solicita atencion prioritaria porque afecta la operacion del area y el cierre del periodo.,abierto,0
TK-01948,2026-05-21,,Calidad,software,alta,correo,usuario142@lafortuna.com.co,Aparece un mensaje de sesion expirada cada cinco minutos,,reabierto,2
TK-00059,2026-04-25,,Calidad,accesos,critica,formulario,usuario115@lafortuna.com.co,No puedo entrar al sistema Centrica,Requerimiento remitido por la jefatura del area para gestion.,abierto,0
TK-01000,2025-04-02,2025-04-13,Talento Humano,reportes,alta,correo,usuario060@lafortuna.com.co,Necesito el reporte de ventas del trimestre,Se solicita atencion prioritaria porque afecta la operacion del area y el cierre del periodo.,cerrado,0
TK-01220,2025-09-12,,Compras,nomina,alta,formulario,usuario069@lafortuna.com.co,No me llego el desprendible de pago,El solicitante indica que la novedad se presenta de forma intermitente desde hace tres dias.,en_proceso,0
TK-00004,2026-05-09,,Aplicaciones,hardware,alta,telefono,usuario064@lafortuna.com.co,Necesito un monitor adicional para el puesto,El usuario reporta la novedad desde el inicio de la jornada y requiere solucion para continuar con su labor.,en_proceso,0
TK-00234,2025-10-03,2025-11-12,Aplicaciones,viaticos,alta,correo,usuario180@lafortuna.com.co,Cual es el monto autorizado para hospedaje,El caso fue reportado por telefono y se registra para trazabilidad.,cerrado,0
TK-01368,2025-05-26,,Talento Humano,reportes,media,formulario web,usuario112@lafortuna.com.co,El reporte no incluye la sede nueva,Se adjunta captura de pantalla del mensaje de error recibido.,escalado,0
TK-01384,2025-06-14,,Aplicaciones,viaticos,alta,correo,usuario064@lafortuna.com.co,No me han reembolsado los gastos del mes pasado,Se adjunta captura de pantalla del mensaje de error recibido.,abierto,0
TK-00020,2026-06-14,2026-06-23,Contabilidad,hardware,media,telefono,usuario012@lafortuna.com.co,La impresora de la sede norte imprime rayada,El solicitante indica que la novedad se presenta de forma intermitente desde hace tres dias.,cerrado,1
TK-00507,2025-05-03,,Contabilidad,accesos,media,telefono,usuario042@lafortuna.com.co,Solicito permiso al modulo de cartera,Se solicita atencion prioritaria porque afecta la operacion del area y el cierre del periodo.,en_proceso,0
TK-00615,2026-04-16,2026-04-19,Aplicaciones,reportes,alta,telefono,usuario048@lafortuna.com.co,Solicito exportar el listado a Excel,Se solicita atencion prioritaria porque afecta la operacion del area y el cierre del periodo.,cerrado,0
TK-01648,2025-09-28,2025-11-10,Compras,incidente,alta,formulario web,usuario015@lafortuna.com.co,Perdida de informacion en el modulo de inventario,Se adjunta captura de pantalla del mensaje de error recibido.,cerrado,0
TK-00178,2025-09-13,,Comercial,software,media,correo,usuario036@lafortuna.com.co,La version instalada no coincide con la del area,Se adjunta captura de pantalla del mensaje de error recibido.,reabierto,3
TK-01831,2025-10-17,,Talento Humano,hardware,baja,correo,usuario082@lafortuna.com.co,La impresora de la sede norte imprime rayada,El solicitante indica que la novedad se presenta de forma intermitente desde hace tres dias.,reabierto,1
TK-01901,2025-04-08,2025-04-12,Comercial,incidente,baja,correo,usuario028@lafortuna.com.co,Se cayo el servicio de facturacion,Se solicita atencion prioritaria porque afecta la operacion del area y el cierre del periodo.,cerrado,0
TK-00927,2026-02-17,,Talento Humano,nomina,alta,formulario,usuario175@lafortuna.com.co,Error en el descuento de la quincena,El solicitante indica que la novedad se presenta de forma intermitente desde hace tres dias.,en_proceso,0
TK-00519,2025-04-12,2025-05-23,Calidad,software,alta,formulario web,usuario060@lafortuna.com.co,Error al guardar el formulario de ingreso,Requerimiento remitido por la jefatura del area para gestion.,en_proceso,0
TK-00835,2025-04-12,,Infraestructura,hardware,media,telefono,usuario174@lafortuna.com.co,El portatil no enciende desde ayer,Se adjunta captura de pantalla del mensaje de error recibido.,abierto,0
TK-01945,2025-10-28,2025-11-01,Talento Humano,hardware,alta,correo,usuario177@lafortuna.com.co,Necesito un monitor adicional para el puesto,El solicitante indica que la novedad se presenta de forma intermitente desde hace tres dias.,cerrado,0
TK-01389,2026-01-09,2026-02-20,Aplicaciones,vacaciones,media,correo,usuario006@lafortuna.com.co,Puedo dividir mis vacaciones en dos periodos,El usuario reporta la novedad desde el inicio de la jornada y requiere solucion para continuar con su labor.,cerrado,0
TK-01168,2026-05-08,,Infraestructura,vacaciones,media,telefono,usuario086@lafortuna.com.co,Me negaron las vacaciones solicitadas,El solicitante indica que la novedad se presenta de forma intermitente desde hace tres dias.,abierto,0
TK-00636,2026-05-04,,Compras,hardware,alta,telefono,usuario173@lafortuna.com.co,Solicito reposicion de diadema danada,Se solicita atencion prioritaria porque afecta la operacion del area y el cierre del periodo.,abierto,0
TK-01294,2025-11-26,,Calidad,accesos,media,correo,usuario157@lafortuna.com.co,Se bloqueo mi usuario tras varios intentos,Se solicita atencion prioritaria porque afecta la operacion del area y el cierre del periodo.,escalado,0
TK-01662,2025-07-23,,Aplicaciones,vacaciones,alta,correo,usuario128@lafortuna.com.co,Puedo dividir mis vacaciones en dos periodos,Se solicita atencion prioritaria porque afecta la operacion del area y el cierre del periodo.,reabierto,1
TK-00049,2026-01-12,,Compras,hardware,media,correo,usuario028@lafortuna.com.co,El portatil no enciende desde ayer,El caso fue reportado por telefono y se registra para trazabilidad.,reabierto,3
TK-00148,2025-01-03,2025-02-13,Talento Humano,hardware,media,telefono,usuario148@lafortuna.com.co,El portatil no enciende desde ayer,El solicitante indica que la novedad se presenta de forma intermitente desde hace tres dias.,cerrado,0
TK-00657,2025-09-29,2025-10-19,Comercial,gestion_de_accesos,media,correo,usuario163@lafortuna.com.co,Necesito acceso a la carpeta compartida de mi area,Se solicita atencion prioritaria porque afecta la operacion del area y el cierre del periodo.,cerrado,1
TK-00416,2025-08-21,,Contabilidad,accesos,media,correo,usuario121@lafortuna.com.co,Necesito acceso a la carpeta compartida de mi area,,reabierto,3
TK-00016,2026-01-19,,Infraestructura,hardware,baja,telefono,usuario065@lafortuna.com.co,El teclado dejo de responder,,reabierto,3
TK-00134,2025-09-26,,Contabilidad,hardware,alta,formulario web,usuario075@lafortuna.com.co,La impresora de la sede norte imprime rayada,Se solicita atencion prioritaria porque afecta la operacion del area y el cierre del periodo.,escalado,0
TK-00776,2026-02-02,2026-03-06,Operaciones,vacaciones,critica,formulario web,usuario178@lafortuna.com.co,Cuantos dias tengo acumulados,El solicitante indica que la novedad se presenta de forma intermitente desde hace tres dias.,cerrado,0
TK-01264,2025-10-24,2025-11-18,Talento Humano,red,media,mesa de ayuda,usuario107@lafortuna.com.co,No carga el sistema desde la sede sur,Se adjunta captura de pantalla del mensaje de error recibido.,cerrado,0
TK-01010,2026-02-20,,Talento Humano,hardware,media,mesa de ayuda,usuario163@lafortuna.com.co,El portatil no enciende desde ayer,Se solicita atencion prioritaria porque afecta la operacion del area y el cierre del periodo.,en_proceso,0
TK-01009,2025-08-31,,Compras,aplicaciones,media,correo,usuario167@lafortuna.com.co,La version instalada no coincide con la del area,Se adjunta captura de pantalla del mensaje de error recibido.,reabierto,2
TK-00028,2025-03-31,,Contabilidad,compras,media,formulario web,usuario166@lafortuna.com.co,Como registro un proveedor nuevo,Requerimiento remitido por la jefatura del area para gestion.,reabierto,1
TK-00979,2025-04-16,2025-05-14,Aplicaciones,software,critica,telefono,usuario145@lafortuna.com.co,Necesito que instalen el visor de planos,El solicitante indica que la novedad se presenta de forma intermitente desde hace tres dias.,cerrado,0
TK-00338,2025-03-22,2025-05-04,Aplicaciones,hardware,media,correo,usuario119@lafortuna.com.co,Solicito reposicion de diadema danada,El caso fue reportado por telefono y se registra para trazabilidad.,cerrado,0
TK-01393,2026-02-11,,Aplicaciones,conectividad,media,telefono,usuario040@lafortuna.com.co,La VPN se desconecta cada media hora,El solicitante indica que la novedad se presenta de forma intermitente desde hace tres dias.,reabierto,2
TK-00162,2025-08-26,2025-08-26,Talento Humano,capacitacion,media,telefono,usuario109@lafortuna.com.co,Necesito material del curso de la semana pasada,Se solicita atencion prioritaria porque afecta la operacion del area y el cierre del periodo.,reabierto,2
TK-01074,2025-08-11,,Infraestructura,otros,media,mesa de ayuda,usuario100@lafortuna.com.co,Requerimiento del area,El caso fue reportado por telefono y se registra para trazabilidad.,en_proceso,0
TK-01218,2025-01-05,,Aplicaciones,compras,media,telefono,usuario077@lafortuna.com.co,Como registro un proveedor nuevo,Se solicita atencion prioritaria porque afecta la operacion del area y el cierre del periodo.,abierto,0
TK-01169,2026-01-06,,Compras,software,media,mesa de ayuda,usuario041@lafortuna.com.co,Error al guardar el formulario de ingreso,El solicitante indica que la novedad se presenta de forma intermitente desde hace tres dias.,abierto,0
TK-00152,2026-03-21,,Operaciones,accesos,media,telefono,usuario033@lafortuna.com.co,Necesito acceso a la carpeta compartida de mi area,El solicitante indica que la novedad se presenta de forma intermitente desde hace tres dias.,en_proceso,0
TK-00063,2025-04-06,2025-05-09,Talento Humano,gestion_de_accesos,alta,formulario web,usuario013@lafortuna.com.co,Solicito permiso al modulo de cartera,El caso fue reportado por telefono y se registra para trazabilidad.,cerrado,1
TK-01446,2025-01-02,,Infraestructura,accesos,alta,mesa de ayuda,usuario044@lafortuna.com.co,No puedo entrar al sistema Centrica,El solicitante indica que la novedad se presenta de forma intermitente desde hace tres dias.,abierto,0
TK-01590,2026-03-23,2026-03-30,Operaciones,accesos,media,correo,usuario108@lafortuna.com.co,Se bloqueo mi usuario tras varios intentos,El solicitante indica que la novedad se presenta de forma intermitente desde hace tres dias.,cerrado,0
TK-00894,2025-04-08,,Calidad,compras,critica,telefono,usuario048@lafortuna.com.co,Como registro un proveedor nuevo,,reabierto,2
TK-00787,2025-05-22,,Talento Humano,accesos,media,formulario web,usuario145@lafortuna.com.co,Necesito acceso a la carpeta compartida de mi area,El solicitante indica que la novedad se presenta de forma intermitente desde hace tres dias.,reabierto,3
TK-01855,2025-05-12,,Contabilidad,incidente,alta,mesa de ayuda,usuario010@lafortuna.com.co,Los usuarios reportan lentitud generalizada,El usuario reporta la novedad desde el inicio de la jornada y requiere solucion para continuar con su labor.,reabierto,1
TK-01652,2025-08-23,,Comercial,reportes,alta,telefono,usuario148@lafortuna.com.co,El informe muestra cifras distintas al sistema,Requerimiento remitido por la jefatura del area para gestion.,reabierto,2
TK-01721,2025-03-17,,Aplicaciones,accesos,media,correo,usuario055@lafortuna.com.co,Se bloqueo mi usuario tras varios intentos,Se solicita atencion prioritaria porque afecta la operacion del area y el cierre del periodo.,reabierto,1
TK-01323,2025-04-06,2025-05-16,Calidad,gestion_de_accesos,critica,formulario web,usuario123@lafortuna.com.co,Se bloqueo mi usuario tras varios intentos,Requerimiento remitido por la jefatura del area para gestion.,cerrado,0
TK-01628,2025-03-26,,Infraestructura,nomina,alta,telefono,usuario149@lafortuna.com.co,No me llego el desprendible de pago,Se adjunta captura de pantalla del mensaje de error recibido.,en_proceso,0
TK-01187,2026-05-13,,Calidad,capacitacion,alta,correo,usuario159@lafortuna.com.co,Cuando es la proxima induccion,El usuario reporta la novedad desde el inicio de la jornada y requiere solucion para continuar con su labor.,abierto,0
TK-01305,2025-04-25,,Contabilidad,accesos,alta,mesa de ayuda,usuario136@lafortuna.com.co,Solicito permiso al modulo de cartera,Se solicita atencion prioritaria porque afecta la operacion del area y el cierre del periodo.,reabierto,1
TK-01102,2025-02-15,2025-03-27,Calidad,gestion_de_accesos,critica,correo,usuario075@lafortuna.com.co,Solicito permiso al modulo de cartera,Se adjunta captura de pantalla del mensaje de error recibido.,cerrado,0
TK-00741,2025-02-26,,Contabilidad,accesos,alta,formulario,usuario025@lafortuna.com.co,Me retiraron el acceso y aun trabajo en el proceso,,abierto,0
TK-00574,2026-05-17,,Infraestructura,nomina,alta,formulario web,usuario140@lafortuna.com.co,Error en el descuento de la quincena,Se solicita atencion prioritaria porque afecta la operacion del area y el cierre del periodo.,en_proceso,0
TK-01832,2025-01-03,,Aplicaciones,nomina,alta,formulario web,usuario073@lafortuna.com.co,Solicito certificado laboral con salario,El usuario reporta la novedad desde el inicio de la jornada y requiere solucion para continuar con su labor.,en_proceso,0
TK-01121,2026-01-26,2026-03-02,Talento Humano,hardware,media,correo,usuario136@lafortuna.com.co,Solicito reposicion de diadema danada,El usuario reporta la novedad desde el inicio de la jornada y requiere solucion para continuar con su labor.,cerrado,0
TK-00034,2025-05-13,2025-06-14,Comercial,incidente,media,correo,usuario169@lafortuna.com.co,Se cayo el servicio de facturacion,Se solicita atencion prioritaria porque afecta la operacion del area y el cierre del periodo.,cerrado,0
TK-01808,2026-02-16,,Comercial,capacitacion,media,telefono,usuario136@lafortuna.com.co,Cuando es la proxima induccion,El solicitante indica que la novedad se presenta de forma intermitente desde hace tres dias.,reabierto,3
TK-01448,2026-06-26,,Infraestructura,otros,baja,mesa de ayuda,usuario091@lafortuna.com.co,Requerimiento del area,El solicitante indica que la novedad se presenta de forma intermitente desde hace tres dias.,escalado,0
TK-00989,2025-01-19,2025-02-01,Contabilidad,accesos,critica,telefono,usuario062@lafortuna.com.co,Necesito acceso a la carpeta compartida de mi area,El usuario reporta la novedad desde el inicio de la jornada y requiere solucion para continuar con su labor.,cerrado,0
TK-00263,2025-10-03,,Calidad,incidente,baja,telefono,usuario078@lafortuna.com.co,Se cayo el servicio de facturacion,Requerimiento remitido por la jefatura del area para gestion.,escalado,0
TK-01125,2026-06-28,,Aplicaciones,conectividad,alta,correo,usuario025@lafortuna.com.co,Sin internet en el segundo piso,Se solicita atencion prioritaria porque afecta la operacion del area y el cierre del periodo.,reabierto,2
TK-01838,2025-11-16,,Contabilidad,sin_clasificar,alta,correo,usuario110@lafortuna.com.co,Consulta general,El usuario reporta la novedad desde el inicio de la jornada y requiere solucion para continuar con su labor.,abierto,0
TK-01455,2026-05-26,2026-06-08,Operaciones,reportes,media,telefono,usuario168@lafortuna.com.co,El reporte no incluye la sede nueva,El caso fue reportado por telefono y se registra para trazabilidad.,reabierto,3
TK-00487,2026-04-17,,Operaciones,hardware,media,formulario,usuario082@lafortuna.com.co,Solicito reposicion de diadema danada,,abierto,0
TK-01675,2026-05-29,2026-06-12,Operaciones,aplicaciones,media,correo,usuario150@lafortuna.com.co,Necesito que instalen el visor de planos,Se adjunta captura de pantalla del mensaje de error recibido.,cerrado,0
TK-01297,2026-05-14,2026-06-11,Compras,capacitacion,alta,formulario,usuario039@lafortuna.com.co,Necesito material del curso de la semana pasada,El caso fue reportado por telefono y se registra para trazabilidad.,en_proceso,0
TK-01723,2025-09-27,,Talento Humano,software,alta,telefono,usuario089@lafortuna.com.co,Error al guardar el formulario de ingreso,Requerimiento remitido por la jefatura del area para gestion.,reabierto,1
TK-00332,2025-01-14,,Operaciones,red,media,formulario web,usuario075@lafortuna.com.co,La VPN se desconecta cada media hora,Requerimiento remitido por la jefatura del area para gestion.,en_proceso,0
TK-00595,2026-01-10,,Calidad,software,baja,correo,usuario005@lafortuna.com.co,Aparece un mensaje de sesion expirada cada cinco minutos,El usuario reporta la novedad desde el inicio de la jornada y requiere solucion para continuar con su labor.,reabierto,2
TK-00983,2026-05-27,,Contabilidad,red,media,telefono,usuario138@lafortuna.com.co,Sin internet en el segundo piso,El usuario reporta la novedad desde el inicio de la jornada y requiere solucion para continuar con su labor.,reabierto,3
TK-00003,2026-04-14,,Operaciones,accesos,alta,mesa de ayuda,usuario159@lafortuna.com.co,No puedo entrar al sistema Centrica,Se solicita atencion prioritaria porque afecta la operacion del area y el cierre del periodo.,reabierto,1
TK-00551,2026-04-18,,Operaciones,accesos,critica,telefono,usuario083@lafortuna.com.co,Se bloqueo mi usuario tras varios intentos,El caso fue reportado por telefono y se registra para trazabilidad.,en_proceso,0
TK-00476,2026-05-04,2026-05-15,Aplicaciones,incidente,alta,formulario web,usuario079@lafortuna.com.co,Se cayo el servicio de facturacion,El caso fue reportado por telefono y se registra para trazabilidad.,cerrado,0
TK-00850,2025-05-27,2025-07-08,Contabilidad,aplicaciones,critica,correo,usuario180@lafortuna.com.co,La aplicacion se cierra al generar el informe,Requerimiento remitido por la jefatura del area para gestion.,en_proceso,0
TK-01872,2026-03-05,2026-03-06,Aplicaciones,accesos,critica,formulario web,usuario024@lafortuna.com.co,Se bloqueo mi usuario tras varios intentos,El usuario reporta la novedad desde el inicio de la jornada y requiere solucion para continuar con su labor.,cerrado,0
TK-01786,2025-07-29,2025-08-03,Aplicaciones,incidente,alta,mesa de ayuda,usuario050@lafortuna.com.co,Perdida de informacion en el modulo de inventario,Se solicita atencion prioritaria porque afecta la operacion del area y el cierre del periodo.,cerrado,0
TK-00419,2025-12-26,,Contabilidad,compras,alta,telefono,usuario169@lafortuna.com.co,El proveedor no ha entregado lo solicitado,El solicitante indica que la novedad se presenta de forma intermitente desde hace tres dias.,reabierto,3
TK-00809,2026-02-25,2026-03-24,Infraestructura,hardware,critica,correo,usuario083@lafortuna.com.co,El portatil no enciende desde ayer,El caso fue reportado por telefono y se registra para trazabilidad.,en_proceso,0
TK-00544,2025-09-05,,Operaciones,software,media,telefono,usuario002@lafortuna.com.co,La version instalada no coincide con la del area,Se solicita atencion prioritaria porque afecta la operacion del area y el cierre del periodo.,escalado,0
TK-01853,2025-07-28,,Compras,gestion_de_accesos,alta,telefono,usuario053@lafortuna.com.co,Se bloqueo mi usuario tras varios intentos,El usuario reporta la novedad desde el inicio de la jornada y requiere solucion para continuar con su labor.,reabierto,1
TK-00407,2026-01-04,2026-01-19,Calidad,hardware,media,mesa de ayuda,usuario137@lafortuna.com.co,Solicito reposicion de diadema danada,Se solicita atencion prioritaria porque afecta la operacion del area y el cierre del periodo.,en_proceso,0
TK-00505,2025-10-02,2025-10-25,Aplicaciones,viaticos,critica,mesa de ayuda,usuario057@lafortuna.com.co,Cual es el monto autorizado para hospedaje,El usuario reporta la novedad desde el inicio de la jornada y requiere solucion para continuar con su labor.,cerrado,0
TK-01813,2026-01-20,2026-02-16,Comercial,incidente,critica,telefono,usuario154@lafortuna.com.co,Caida total del sistema en la sede principal,El solicitante indica que la novedad se presenta de forma intermitente desde hace tres dias.,cerrado,0
TK-00511,2025-06-15,2025-07-28,Operaciones,sin_clasificar,media,formulario,usuario154@lafortuna.com.co,Consulta general,Requerimiento remitido por la jefatura del area para gestion.,reabierto,2
TK-01143,2026-02-28,2026-03-21,Contabilidad,accesos,media,correo,usuario085@lafortuna.com.co,Me retiraron el acceso y aun trabajo en el proceso,,escalado,0
TK-00858,2025-04-23,,Compras,capacitacion,media,telefono,usuario057@lafortuna.com.co,Necesito material del curso de la semana pasada,Se solicita atencion prioritaria porque afecta la operacion del area y el cierre del periodo.,reabierto,2
TK-00600,2026-04-29,,Aplicaciones,software,alta,telefono,usuario113@lafortuna.com.co,La aplicacion se cierra al generar el informe,Requerimiento remitido por la jefatura del area para gestion.,reabierto,1
TK-01520,2025-05-14,,Contabilidad,hardware,baja,correo,usuario034@lafortuna.com.co,El portatil no enciende desde ayer,Requerimiento remitido por la jefatura del area para gestion.,en_proceso,0
TK-01387,2026-01-16,,Infraestructura,compras,baja,correo,usuario167@lafortuna.com.co,El proveedor no ha entregado lo solicitado,El solicitante indica que la novedad se presenta de forma intermitente desde hace tres dias.,escalado,0
TK-01809,2025-06-05,2025-06-15,Comercial,software,alta,formulario,usuario158@lafortuna.com.co,Necesito que instalen el visor de planos,El caso fue reportado por telefono y se registra para trazabilidad.,cerrado,0
TK-00455,2025-12-22,,Infraestructura,incidente,alta,formulario,usuario063@lafortuna.com.co,Caida total del sistema en la sede principal,El usuario reporta la novedad desde el inicio de la jornada y requiere solucion para continuar con su labor.,en_proceso,0
TK-00828,2025-01-28,2025-03-03,Compras,compras,alta,formulario,usuario104@lafortuna.com.co,El proveedor no ha entregado lo solicitado,,cerrado,0
TK-01864,2026-06-13,,Calidad,incidente,alta,correo,usuario064@lafortuna.com.co,Perdida de informacion en el modulo de inventario,El usuario reporta la novedad desde el inicio de la jornada y requiere solucion para continuar con su labor.,abierto,0
TK-00830,2025-09-22,,Operaciones,capacitacion,alta,correo,usuario018@lafortuna.com.co,Cuando es la proxima induccion,El solicitante indica que la novedad se presenta de forma intermitente desde hace tres dias.,en_proceso,0
TK-01791,2025-07-19,,Operaciones,otros,baja,formulario web,usuario134@lafortuna.com.co,Requerimiento del area,El caso fue reportado por telefono y se registra para trazabilidad.,reabierto,1
TK-01427,2025-02-08,2025-02-23,Talento Humano,incidente,media,formulario,usuario008@lafortuna.com.co,Perdida de informacion en el modulo de inventario,,cerrado,0
TK-01607,2025-01-16,,Calidad,hardware,media,correo,usuario156@lafortuna.com.co,El teclado dejo de responder,El usuario reporta la novedad desde el inicio de la jornada y requiere solucion para continuar con su labor.,abierto,0
TK-01437,2025-02-19,,Talento Humano,nomina,baja,formulario web,usuario048@lafortuna.com.co,No me llego el desprendible de pago,Se adjunta captura de pantalla del mensaje de error recibido.,reabierto,3
TK-01919,2026-01-11,,Aplicaciones,incidente,alta,formulario web,usuario001@lafortuna.com.co,Los usuarios reportan lentitud generalizada,El solicitante indica que la novedad se presenta de forma intermitente desde hace tres dias.,reabierto,3
TK-00998,2025-08-22,2025-08-24,Comercial,software,alta,formulario web,usuario052@lafortuna.com.co,La version instalada no coincide con la del area,,cerrado,1
TK-01621,2025-08-13,,Infraestructura,nomina,baja,formulario web,usuario072@lafortuna.com.co,Error en el descuento de la quincena,Se solicita atencion prioritaria porque afecta la operacion del area y el cierre del periodo.,abierto,0
TK-01547,2025-02-23,,Compras,incidente,media,formulario web,usuario110@lafortuna.com.co,Caida total del sistema en la sede principal,El usuario reporta la novedad desde el inicio de la jornada y requiere solucion para continuar con su labor.,abierto,0
TK-01394,2025-12-18,,Operaciones,otros,alta,telefono,usuario113@lafortuna.com.co,Consulta general,El usuario reporta la novedad desde el inicio de la jornada y requiere solucion para continuar con su labor.,abierto,0
TK-01114,2026-03-03,2026-03-28,Talento Humano,gestion_de_accesos,baja,formulario,usuario157@lafortuna.com.co,Necesito acceso a la carpeta compartida de mi area,El caso fue reportado por telefono y se registra para trazabilidad.,cerrado,0
TK-01406,2025-04-18,,Talento Humano,gestion_de_accesos,critica,formulario,usuario109@lafortuna.com.co,No puedo entrar al sistema Centrica,El usuario reporta la novedad desde el inicio de la jornada y requiere solucion para continuar con su labor.,abierto,0
TK-01232,2025-04-15,,Comercial,accesos,critica,correo,usuario163@lafortuna.com.co,Necesito acceso a la carpeta compartida de mi area,El usuario reporta la novedad desde el inicio de la jornada y requiere solucion para continuar con su labor.,escalado,0
TK-01798,2026-01-05,2026-02-08,Calidad,nomina,critica,formulario,usuario016@lafortuna.com.co,No me llego el desprendible de pago,El solicitante indica que la novedad se presenta de forma intermitente desde hace tres dias.,cerrado,0
TK-01644,2025-04-23,2025-05-26,Calidad,incidente,alta,correo,usuario096@lafortuna.com.co,Se cayo el servicio de facturacion,El caso fue reportado por telefono y se registra para trazabilidad.,cerrado,0
TK-01897,2026-06-24,2026-07-31,Contabilidad,capacitacion,alta,telefono,usuario021@lafortuna.com.co,Solicito capacitacion en el modulo nuevo,El solicitante indica que la novedad se presenta de forma intermitente desde hace tres dias.,cerrado,0
TK-00339,2025-10-22,,Aplicaciones,aplicaciones,critica,correo,usuario027@lafortuna.com.co,La version instalada no coincide con la del area,El caso fue reportado por telefono y se registra para trazabilidad.,abierto,0
TK-01500,2025-09-15,2025-10-27,Contabilidad,accesos,media,mesa de ayuda,usuario112@lafortuna.com.co,Me retiraron el acceso y aun trabajo en el proceso,,reabierto,2
TK-00361,2026-04-13,,Contabilidad,red,critica,correo,usuario014@lafortuna.com.co,La VPN se desconecta cada media hora,El usuario reporta la novedad desde el inicio de la jornada y requiere solucion para continuar con su labor.,en_proceso,0
TK-00080,2025-06-11,2025-07-15,Contabilidad,software,media,telefono,usuario034@lafortuna.com.co,La aplicacion se cierra al generar el informe,El caso fue reportado por telefono y se registra para trazabilidad.,cerrado,0
TK-00872,2025-06-05,,Infraestructura,red,baja,formulario web,usuario033@lafortuna.com.co,Muy lenta la conexion en la bodega,El usuario reporta la novedad desde el inicio de la jornada y requiere solucion para continuar con su labor.,abierto,0
TK-00090,2025-07-12,,Compras,gestion_de_accesos,media,formulario,usuario161@lafortuna.com.co,Necesito acceso a la carpeta compartida de mi area,,en_proceso,0
TK-01230,2025-02-13,,Aplicaciones,aplicaciones,critica,telefono,usuario080@lafortuna.com.co,Aparece un mensaje de sesion expirada cada cinco minutos,Se adjunta captura de pantalla del mensaje de error recibido.,abierto,0
TK-00926,2026-01-22,2026-02-15,Operaciones,vacaciones,alta,correo,usuario172@lafortuna.com.co,Con cuanta anticipacion debo solicitar vacaciones,El caso fue reportado por telefono y se registra para trazabilidad.,cerrado,1
TK-00340,2025-03-29,,Calidad,viaticos,media,formulario,usuario161@lafortuna.com.co,Cual es el monto autorizado para hospedaje,Se adjunta captura de pantalla del mensaje de error recibido.,en_proceso,0
TK-00386,2025-07-20,,Aplicaciones,capacitacion,critica,mesa de ayuda,usuario072@lafortuna.com.co,Cuando es la proxima induccion,El caso fue reportado por telefono y se registra para trazabilidad.,abierto,0
TK-00153,2026-01-02,,Infraestructura,red,baja,mesa de ayuda,usuario085@lafortuna.com.co,Sin internet en el segundo piso,Requerimiento remitido por la jefatura del area para gestion.,reabierto,3
TK-00565,2026-03-04,,Talento Humano,aplicaciones,media,formulario web,usuario048@lafortuna.com.co,Error al guardar el formulario de ingreso,El usuario reporta la novedad desde el inicio de la jornada y requiere solucion para continuar con su labor.,escalado,0
TK-01092,2025-06-15,,Talento Humano,red,alta,correo,usuario156@lafortuna.com.co,No carga el sistema desde la sede sur,El caso fue reportado por telefono y se registra para trazabilidad.,en_proceso,0
TK-01243,2025-02-09,2025-03-04,Operaciones,conectividad,alta,correo,usuario023@lafortuna.com.co,La VPN se desconecta cada media hora,El usuario reporta la novedad desde el inicio de la jornada y requiere solucion para continuar con su labor.,cerrado,1
TK-01647,2025-05-07,,Comercial,nomina,alta,telefono,usuario128@lafortuna.com.co,Solicito certificado laboral con salario,El solicitante indica que la novedad se presenta de forma intermitente desde hace tres dias.,abierto,0
TK-01480,2025-10-16,2025-10-30,Infraestructura,vacaciones,media,telefono,usuario158@lafortuna.com.co,Me negaron las vacaciones solicitadas,El solicitante indica que la novedad se presenta de forma intermitente desde hace tres dias.,escalado,0
TK-01386,2026-03-10,,Contabilidad,incidente,baja,correo,usuario126@lafortuna.com.co,Perdida de informacion en el modulo de inventario,El usuario reporta la novedad desde el inicio de la jornada y requiere solucion para continuar con su labor.,reabierto,3
TK-01665,2026-02-15,,Comercial,accesos,media,correo,usuario158@lafortuna.com.co,No puedo entrar al sistema Centrica,,abierto,0
TK-00075,2025-04-14,,Infraestructura,otros,baja,telefono,usuario157@lafortuna.com.co,Pendiente por definir,Requerimiento remitido por la jefatura del area para gestion.,reabierto,0
TK-00916,2025-10-19,,Operaciones,compras,media,formulario,usuario072@lafortuna.com.co,El proveedor no ha entregado lo solicitado,El usuario reporta la novedad desde el inicio de la jornada y requiere solucion para continuar con su labor.,escalado,0
TK-01246,2025-10-06,,Infraestructura,reportes,media,telefono,usuario042@lafortuna.com.co,Necesito el reporte de ventas del trimestre,,escalado,0
TK-00170,2026-06-01,2026-07-07,Compras,hardware,critica,mesa de ayuda,usuario064@lafortuna.com.co,El teclado dejo de responder,El caso fue reportado por telefono y se registra para trazabilidad.,cerrado,0
TK-01233,2025-08-19,2025-08-26,Operaciones,reportes,critica,correo,usuario177@lafortuna.com.co,Necesito el reporte de ventas del trimestre,Requerimiento remitido por la jefatura del area para gestion.,cerrado,0
TK-01740,2025-10-25,2025-10-31,Operaciones,accesos,baja,formulario,usuario111@lafortuna.com.co,Se bloqueo mi usuario tras varios intentos,Se adjunta captura de pantalla del mensaje de error recibido.,cerrado,0
TK-01727,2025-04-22,,Comercial,vacaciones,critica,formulario,usuario047@lafortuna.com.co,Me negaron las vacaciones solicitadas,El usuario reporta la novedad desde el inicio de la jornada y requiere solucion para continuar con su labor.,reabierto,2
TK-01554,2025-02-05,,Compras,software,baja,telefono,usuario119@lafortuna.com.co,Aparece un mensaje de sesion expirada cada cinco minutos,El caso fue reportado por telefono y se registra para trazabilidad.,escalado,0
TK-00353,2025-08-21,,Calidad,accesos,baja,correo,usuario095@lafortuna.com.co,No puedo entrar al sistema Centrica,El solicitante indica que la novedad se presenta de forma intermitente desde hace tres dias.,reabierto,1
TK-01240,2025-01-14,,Infraestructura,gestion_de_accesos,critica,mesa de ayuda,usuario154@lafortuna.com.co,No puedo entrar al sistema Centrica,Se adjunta captura de pantalla del mensaje de error recibido.,abierto,0
TK-01165,2025-04-16,,Talento Humano,aplicaciones,baja,correo,usuario101@lafortuna.com.co,La version instalada no coincide con la del area,Se adjunta captura de pantalla del mensaje de error recibido.,escalado,0
TK-00775,2026-02-18,,Compras,otros,alta,correo,usuario071@lafortuna.com.co,Requerimiento del area,Se solicita atencion prioritaria porque afecta la operacion del area y el cierre del periodo.,abierto,0
TK-01735,2025-03-23,2025-03-31,Compras,reportes,alta,correo,usuario008@lafortuna.com.co,El reporte no incluye la sede nueva,El usuario reporta la novedad desde el inicio de la jornada y requiere solucion para continuar con su labor.,cerrado,0
TK-01821,2026-05-02,,Talento Humano,accesos,media,formulario,usuario019@lafortuna.com.co,No puedo entrar al sistema Centrica,El solicitante indica que la novedad se presenta de forma intermitente desde hace tres dias.,en_proceso,0
TK-00060,2026-05-02,2026-05-22,Contabilidad,viaticos,critica,formulario web,usuario101@lafortuna.com.co,Cual es el monto autorizado para hospedaje,El usuario reporta la novedad desde el inicio de la jornada y requiere solucion para continuar con su labor.,reabierto,2
TK-00500,2026-05-03,,Infraestructura,vacaciones,baja,telefono,usuario037@lafortuna.com.co,Me negaron las vacaciones solicitadas,Se adjunta captura de pantalla del mensaje de error recibido.,en_proceso,0
TK-00825,2025-05-31,,Calidad,hardware,media,telefono,usuario013@lafortuna.com.co,La impresora de la sede norte imprime rayada,El solicitante indica que la novedad se presenta de forma intermitente desde hace tres dias.,reabierto,3
TK-00271,2026-01-02,,Compras,nomina,media,formulario web,usuario092@lafortuna.com.co,Solicito certificado laboral con salario,El solicitante indica que la novedad se presenta de forma intermitente desde hace tres dias.,reabierto,1
TK-00774,2026-03-21,2026-04-07,Operaciones,red,critica,formulario,usuario169@lafortuna.com.co,Sin internet en el segundo piso,Requerimiento remitido por la jefatura del area para gestion.,cerrado,0
TK-01130,2026-05-29,,Operaciones,vacaciones,media,mesa de ayuda,usuario013@lafortuna.com.co,Cuantos dias tengo acumulados,El caso fue reportado por telefono y se registra para trazabilidad.,abierto,0
TK-00977,2025-01-12,,Comercial,software,critica,formulario,usuario142@lafortuna.com.co,La version instalada no coincide con la del area,El usuario reporta la novedad desde el inicio de la jornada y requiere solucion para continuar con su labor.,abierto,0
TK-00429,2025-02-07,,Aplicaciones,gestion_de_accesos,alta,correo,usuario034@lafortuna.com.co,No puedo entrar al sistema Centrica,Se adjunta captura de pantalla del mensaje de error recibido.,escalado,0
TK-00821,2025-09-03,,Infraestructura,nomina,alta,mesa de ayuda,usuario173@lafortuna.com.co,Error en el descuento de la quincena,El usuario reporta la novedad desde el inicio de la jornada y requiere solucion para continuar con su labor.,abierto,0
TK-00878,2026-05-17,,Operaciones,hardware,alta,formulario,usuario126@lafortuna.com.co,Necesito un monitor adicional para el puesto,,abierto,0
TK-00180,2026-06-29,,Talento Humano,hardware,media,formulario,usuario057@lafortuna.com.co,El portatil no enciende desde ayer,,reabierto,3
TK-01084,2025-08-09,,Calidad,red,baja,formulario web,usuario029@lafortuna.com.co,Sin internet en el segundo piso,El caso fue reportado por telefono y se registra para trazabilidad.,reabierto,3
TK-00085,2025-11-04,2025-11-04,Operaciones,hardware,critica,correo,usuario113@lafortuna.com.co,El teclado dejo de responder,El caso fue reportado por telefono y se registra para trazabilidad.,en_proceso,0
TK-01272,2026-06-18,2026-06-28,Infraestructura,nomina,baja,formulario,usuario126@lafortuna.com.co,Diferencia en el pago de horas extras,El solicitante indica que la novedad se presenta de forma intermitente desde hace tres dias.,en_proceso,0
TK-01507,2025-10-26,,Calidad,hardware,baja,formulario web,usuario016@lafortuna.com.co,El teclado dejo de responder,,reabierto,3
TK-01202,2026-02-09,,Compras,software,critica,correo,usuario011@lafortuna.com.co,La version instalada no coincide con la del area,,reabierto,3
TK-00677,2026-01-25,2026-02-16,Operaciones,hardware,alta,formulario web,usuario012@lafortuna.com.co,Necesito un monitor adicional para el puesto,El usuario reporta la novedad desde el inicio de la jornada y requiere solucion para continuar con su labor.,en_proceso,0
TK-01934,2026-02-26,,Contabilidad,compras,critica,mesa de ayuda,usuario010@lafortuna.com.co,Estado de la orden de compra 4471,Requerimiento remitido por la jefatura del area para gestion.,reabierto,1
TK-01938,2025-04-28,,Comercial,aplicaciones,baja,correo,usuario179@lafortuna.com.co,La aplicacion se cierra al generar el informe,Se adjunta captura de pantalla del mensaje de error recibido.,abierto,0
TK-01538,2025-08-26,,Operaciones,compras,alta,telefono,usuario077@lafortuna.com.co,El proveedor no ha entregado lo solicitado,Requerimiento remitido por la jefatura del area para gestion.,abierto,0
TK-00934,2025-08-04,2025-08-07,Contabilidad,hardware,alta,telefono,usuario018@lafortuna.com.co,El portatil no enciende desde ayer,El solicitante indica que la novedad se presenta de forma intermitente desde hace tres dias.,cerrado,0
TK-01824,2025-06-10,,Infraestructura,otros,alta,formulario web,usuario080@lafortuna.com.co,Solicitud varias,El caso fue reportado por telefono y se registra para trazabilidad.,escalado,0
TK-00479,2025-04-20,,Operaciones,conectividad,baja,formulario,usuario127@lafortuna.com.co,La VPN se desconecta cada media hora,El usuario reporta la novedad desde el inicio de la jornada y requiere solucion para continuar con su labor.,abierto,0
TK-01742,2026-06-11,,Comercial,incidente,media,formulario,usuario057@lafortuna.com.co,Caida total del sistema en la sede principal,El solicitante indica que la novedad se presenta de forma intermitente desde hace tres dias.,reabierto,3
TK-01706,2025-05-29,,Calidad,capacitacion,baja,telefono,usuario001@lafortuna.com.co,Necesito material del curso de la semana pasada,El solicitante indica que la novedad se presenta de forma intermitente desde hace tres dias.,abierto,0
TK-00753,2025-02-12,,Infraestructura,vacaciones,media,telefono,usuario082@lafortuna.com.co,Me negaron las vacaciones solicitadas,Requerimiento remitido por la jefatura del area para gestion.,en_proceso,0
TK-00334,2025-11-14,,Operaciones,red,critica,mesa de ayuda,usuario111@lafortuna.com.co,Sin internet en el segundo piso,El usuario reporta la novedad desde el inicio de la jornada y requiere solucion para continuar con su labor.,abierto,0
TK-00963,2025-06-13,2025-07-18,Operaciones,reportes,baja,correo,usuario022@lafortuna.com.co,Necesito el reporte de ventas del trimestre,El solicitante indica que la novedad se presenta de forma intermitente desde hace tres dias.,reabierto,1
TK-00958,2025-11-19,,Operaciones,capacitacion,critica,mesa de ayuda,usuario035@lafortuna.com.co,Cuando es la proxima induccion,El usuario reporta la novedad desde el inicio de la jornada y requiere solucion para continuar con su labor.,escalado,0
TK-00723,2025-04-22,2025-05-04,Comercial,capacitacion,alta,telefono,usuario067@lafortuna.com.co,Cuando es la proxima induccion,El caso fue reportado por telefono y se registra para trazabilidad.,cerrado,1
TK-00727,2025-06-15,,Aplicaciones,incidente,alta,mesa de ayuda,usuario037@lafortuna.com.co,Los usuarios reportan lentitud generalizada,El caso fue reportado por telefono y se registra para trazabilidad.,reabierto,3
TK-00557,2025-09-04,,Comercial,compras,alta,telefono,usuario009@lafortuna.com.co,Necesito cotizacion para equipos de la bodega,Requerimiento remitido por la jefatura del area para gestion.,abierto,0
TK-00212,2025-04-06,,Aplicaciones,accesos,media,formulario web,usuario159@lafortuna.com.co,Solicito permiso al modulo de cartera,El caso fue reportado por telefono y se registra para trazabilidad.,reabierto,3
TK-01203,2026-05-04,,Talento Humano,nomina,media,formulario web,usuario111@lafortuna.com.co,Diferencia en el pago de horas extras,El solicitante indica que la novedad se presenta de forma intermitente desde hace tres dias.,abierto,0
TK-01124,2025-10-19,,Comercial,hardware,alta,telefono,usuario097@lafortuna.com.co,El portatil no enciende desde ayer,Requerimiento remitido por la jefatura del area para gestion.,escalado,0
TK-01722,2025-02-15,,Operaciones,gestion_de_accesos,critica,correo,usuario119@lafortuna.com.co,Se bloqueo mi usuario tras varios intentos,El caso fue reportado por telefono y se registra para trazabilidad.,escalado,0
TK-00681,2025-06-27,,Comercial,hardware,critica,correo,usuario065@lafortuna.com.co,La impresora de la sede norte imprime rayada,El usuario reporta la novedad desde el inicio de la jornada y requiere solucion para continuar con su labor.,en_proceso,0
TK-01256,2025-06-21,2025-07-11,Comercial,viaticos,baja,telefono,usuario052@lafortuna.com.co,Necesito anticipo para comision,Se solicita atencion prioritaria porque afecta la operacion del area y el cierre del periodo.,cerrado,0
TK-01465,2026-03-04,,Comercial,reportes,baja,correo,usuario128@lafortuna.com.co,El informe muestra cifras distintas al sistema,Requerimiento remitido por la jefatura del area para gestion.,reabierto,3
TK-00880,2025-04-10,,Operaciones,reportes,media,correo,usuario059@lafortuna.com.co,El informe muestra cifras distintas al sistema,Se adjunta captura de pantalla del mensaje de error recibido.,reabierto,3
TK-01571,2026-06-13,,Infraestructura,reportes,baja,correo,usuario013@lafortuna.com.co,El reporte no incluye la sede nueva,Requerimiento remitido por la jefatura del area para gestion.,abierto,0
TK-01796,2026-06-28,2026-08-08,Calidad,incidente,alta,telefono,usuario061@lafortuna.com.co,Los usuarios reportan lentitud generalizada,Requerimiento remitido por la jefatura del area para gestion.,cerrado,0
TK-00363,2025-11-27,,Contabilidad,accesos,alta,formulario web,usuario017@lafortuna.com.co,Necesito acceso a la carpeta compartida de mi area,Se solicita atencion prioritaria porque afecta la operacion del area y el cierre del periodo.,reabierto,0
TK-01099,2026-04-30,,Comercial,viaticos,media,correo,usuario161@lafortuna.com.co,No me han reembolsado los gastos del mes pasado,,abierto,0
TK-00533,2026-03-21,,Talento Humano,red,media,mesa de ayuda,usuario135@lafortuna.com.co,La VPN se desconecta cada media hora,Se solicita atencion prioritaria porque afecta la operacion del area y el cierre del periodo.,reabierto,1
TK-01449,2025-11-22,2025-12-16,Operaciones,software,critica,mesa de ayuda,usuario018@lafortuna.com.co,La aplicacion se cierra al generar el informe,El caso fue reportado por telefono y se registra para trazabilidad.,cerrado,0
TK-01737,2025-12-14,,Operaciones,otros,critica,telefono,usuario031@lafortuna.com.co,Solicitud varias,Requerimiento remitido por la jefatura del area para gestion.,en_proceso,0
TK-01435,2025-09-16,,Compras,red,media,telefono,usuario152@lafortuna.com.co,No carga el sistema desde la sede sur,El solicitante indica que la novedad se presenta de forma intermitente desde hace tres dias.,reabierto,3
TK-00748,2025-12-15,,Infraestructura,software,critica,correo,usuario147@lafortuna.com.co,La aplicacion se cierra al generar el informe,Requerimiento remitido por la jefatura del area para gestion.,en_proceso,0
TK-01649,2026-03-04,,Talento Humano,reportes,alta,mesa de ayuda,usuario092@lafortuna.com.co,Necesito el reporte de ventas del trimestre,El caso fue reportado por telefono y se registra para trazabilidad.,abierto,0
TK-00276,2025-01-18,,Contabilidad,incidente,media,mesa de ayuda,usuario028@lafortuna.com.co,Los usuarios reportan lentitud generalizada,Se adjunta captura de pantalla del mensaje de error recibido.,reabierto,1
TK-00846,2026-05-26,2026-06-10,Operaciones,viaticos,media,mesa de ayuda,usuario080@lafortuna.com.co,Como legalizo los viaticos del viaje a la costa,El usuario reporta la novedad desde el inicio de la jornada y requiere solucion para continuar con su labor.,cerrado,0
TK-01795,2025-05-09,,Compras,aplicaciones,critica,formulario,usuario006@lafortuna.com.co,Aparece un mensaje de sesion expirada cada cinco minutos,,abierto,0
TK-00308,2025-12-01,,Comercial,red,baja,formulario,usuario180@lafortuna.com.co,Sin internet en el segundo piso,Se adjunta captura de pantalla del mensaje de error recibido.,en_proceso,0
TK-01376,2026-04-27,,Compras,vacaciones,media,correo,usuario043@lafortuna.com.co,Me negaron las vacaciones solicitadas,,reabierto,1
TK-00943,2025-05-28,,Compras,vacaciones,alta,formulario web,usuario139@lafortuna.com.co,Me negaron las vacaciones solicitadas,El caso fue reportado por telefono y se registra para trazabilidad.,reabierto,0
TK-00027,2025-10-11,2025-11-04,Compras,nomina,alta,formulario,usuario111@lafortuna.com.co,Error en el descuento de la quincena,El usuario reporta la novedad desde el inicio de la jornada y requiere solucion para continuar con su labor.,reabierto,3
TK-00270,2025-12-24,2026-01-29,Comercial,software,alta,mesa de ayuda,usuario179@lafortuna.com.co,La version instalada no coincide con la del area,Se solicita atencion prioritaria porque afecta la operacion del area y el cierre del periodo.,cerrado,0
TK-00225,2026-05-18,,Operaciones,aplicaciones,alta,telefono,usuario054@lafortuna.com.co,Necesito que instalen el visor de planos,El caso fue reportado por telefono y se registra para trazabilidad.,reabierto,3
TK-00987,2025-01-30,2025-03-01,Calidad,compras,media,mesa de ayuda,usuario134@lafortuna.com.co,Estado de la orden de compra 4471,El solicitante indica que la novedad se presenta de forma intermitente desde hace tres dias.,cerrado,0
TK-00660,2026-05-19,,Operaciones,accesos,critica,telefono,usuario110@lafortuna.com.co,Solicito permiso al modulo de cartera,Se adjunta captura de pantalla del mensaje de error recibido.,reabierto,2
TK-00883,2026-05-22,,Calidad,accesos,alta,formulario,usuario069@lafortuna.com.co,Se bloqueo mi usuario tras varios intentos,Requerimiento remitido por la jefatura del area para gestion.,abierto,0
TK-01660,2026-01-12,2026-02-09,Infraestructura,hardware,alta,formulario,usuario036@lafortuna.com.co,Solicito reposicion de diadema danada,El caso fue reportado por telefono y se registra para trazabilidad.,cerrado,0
TK-00611,2025-12-05,,Compras,hardware,baja,correo,usuario127@lafortuna.com.co,Solicito reposicion de diadema danada,Se solicita atencion prioritaria porque afecta la operacion del area y el cierre del periodo.,abierto,0
TK-00135,2026-02-11,2026-02-13,Calidad,reportes,media,formulario,usuario138@lafortuna.com.co,El informe muestra cifras distintas al sistema,Se solicita atencion prioritaria porque afecta la operacion del area y el cierre del periodo.,cerrado,1
TK-00411,2025-12-24,,Contabilidad,otros,critica,telefono,usuario057@lafortuna.com.co,Requerimiento del area,Se solicita atencion prioritaria porque afecta la operacion del area y el cierre del periodo.,reabierto,2
TK-01669,2025-02-19,2025-02-19,Calidad,accesos,critica,formulario web,usuario058@lafortuna.com.co,Me retiraron el acceso y aun trabajo en el proceso,Se solicita atencion prioritaria porque afecta la operacion del area y el cierre del periodo.,cerrado,0
TK-01631,2026-03-26,,Aplicaciones,accesos,critica,formulario,usuario117@lafortuna.com.co,Necesito acceso a la carpeta compartida de mi area,El usuario reporta la novedad desde el inicio de la jornada y requiere solucion para continuar con su labor.,en_proceso,0
TK-01878,2026-03-17,2026-03-26,Comercial,reportes,alta,formulario,usuario090@lafortuna.com.co,El reporte no incluye la sede nueva,El usuario reporta la novedad desde el inicio de la jornada y requiere solucion para continuar con su labor.,cerrado,0
TK-00070,2026-04-12,2026-04-17,Calidad,hardware,media,formulario,usuario177@lafortuna.com.co,Solicito reposicion de diadema danada,Requerimiento remitido por la jefatura del area para gestion.,cerrado,0
TK-00503,2025-09-20,,Comercial,accesos,alta,correo,usuario059@lafortuna.com.co,Solicito permiso al modulo de cartera,El caso fue reportado por telefono y se registra para trazabilidad.,reabierto,2
TK-01664,2026-03-31,2026-04-07,Operaciones,hardware,media,mesa de ayuda,usuario030@lafortuna.com.co,El portatil no enciende desde ayer,,en_proceso,0
TK-00520,2026-04-22,,Operaciones,accesos,alta,formulario web,usuario120@lafortuna.com.co,Se bloqueo mi usuario tras varios intentos,El caso fue reportado por telefono y se registra para trazabilidad.,reabierto,2
TK-01396,2025-07-21,,Contabilidad,viaticos,critica,correo,usuario052@lafortuna.com.co,Necesito anticipo para comision,,en_proceso,0
TK-00330,2026-02-22,,Calidad,compras,critica,formulario,usuario025@lafortuna.com.co,Como registro un proveedor nuevo,El caso fue reportado por telefono y se registra para trazabilidad.,abierto,0
TK-00360,2026-02-15,,Compras,compras,media,mesa de ayuda,usuario111@lafortuna.com.co,Estado de la orden de compra 4471,,en_proceso,0
TK-01204,2025-11-25,,Infraestructura,compras,critica,correo,usuario081@lafortuna.com.co,Necesito cotizacion para equipos de la bodega,Se solicita atencion prioritaria porque afecta la operacion del area y el cierre del periodo.,escalado,0
TK-01351,2025-12-11,,Talento Humano,vacaciones,media,correo,usuario137@lafortuna.com.co,Puedo dividir mis vacaciones en dos periodos,,abierto,0
TK-00112,2026-06-05,2026-07-20,Comercial,nomina,alta,formulario,usuario134@lafortuna.com.co,Diferencia en el pago de horas extras,Se solicita atencion prioritaria porque afecta la operacion del area y el cierre del periodo.,cerrado,0
TK-00714,2025-03-09,,Compras,incidente,alta,telefono,usuario170@lafortuna.com.co,Se cayo el servicio de facturacion,Se adjunta captura de pantalla del mensaje de error recibido.,abierto,0
TK-01678,2026-02-02,,Operaciones,otros,media,mesa de ayuda,usuario172@lafortuna.com.co,Consulta general,El caso fue reportado por telefono y se registra para trazabilidad.,en_proceso,0
TK-01034,2025-07-14,2025-08-04,Contabilidad,reportes,baja,mesa de ayuda,usuario110@lafortuna.com.co,El reporte no incluye la sede nueva,El usuario reporta la novedad desde el inicio de la jornada y requiere solucion para continuar con su labor.,cerrado,0
TK-01717,2026-03-03,2026-03-10,Compras,compras,baja,correo,usuario061@lafortuna.com.co,Estado de la orden de compra 4471,Se adjunta captura de pantalla del mensaje de error recibido.,cerrado,1
TK-01818,2025-01-08,,Calidad,software,media,correo,usuario038@lafortuna.com.co,Necesito que instalen el visor de planos,Se solicita atencion prioritaria porque afecta la operacion del area y el cierre del periodo.,reabierto,2
TK-00297,2025-07-06,,Talento Humano,incidente,media,mesa de ayuda,usuario174@lafortuna.com.co,Caida total del sistema en la sede principal,,en_proceso,0
TK-01001,2026-02-06,2026-03-15,Calidad,software,alta,correo,usuario170@lafortuna.com.co,Necesito que instalen el visor de planos,El solicitante indica que la novedad se presenta de forma intermitente desde hace tres dias.,reabierto,1
TK-00887,2025-07-27,,Compras,compras,media,correo,usuario116@lafortuna.com.co,Como registro un proveedor nuevo,,abierto,0
TK-00508,2026-01-14,2026-02-20,Comercial,hardware,alta,correo,usuario028@lafortuna.com.co,Solicito reposicion de diadema danada,Se adjunta captura de pantalla del mensaje de error recibido.,cerrado,0
TK-00518,2025-05-23,2025-05-27,Comercial,incidente,media,telefono,usuario122@lafortuna.com.co,Los usuarios reportan lentitud generalizada,El solicitante indica que la novedad se presenta de forma intermitente desde hace tres dias.,cerrado,0
TK-00859,2026-03-03,,Calidad,red,critica,telefono,usuario162@lafortuna.com.co,Sin internet en el segundo piso,Requerimiento remitido por la jefatura del area para gestion.,abierto,0
TK-00083,2025-04-10,,Operaciones,viaticos,baja,telefono,usuario001@lafortuna.com.co,Cual es el monto autorizado para hospedaje,,reabierto,1
TK-00035,2025-11-09,2025-12-09,Talento Humano,accesos,alta,telefono,usuario133@lafortuna.com.co,Necesito acceso a la carpeta compartida de mi area,El usuario reporta la novedad desde el inicio de la jornada y requiere solucion para continuar con su labor.,cerrado,0
TK-01275,2026-06-08,2026-07-18,Contabilidad,aplicaciones,alta,correo,usuario149@lafortuna.com.co,La version instalada no coincide con la del area,Se adjunta captura de pantalla del mensaje de error recibido.,cerrado,0
TK-00137,2026-02-24,,Operaciones,nomina,media,telefono,usuario078@lafortuna.com.co,Diferencia en el pago de horas extras,El solicitante indica que la novedad se presenta de forma intermitente desde hace tres dias.,en_proceso,0
TK-01227,2025-05-11,2025-06-07,Talento Humano,sin_clasificar,critica,correo,usuario034@lafortuna.com.co,Pendiente por definir,,cerrado,0
TK-01913,2025-02-05,,Talento Humano,nomina,media,formulario,usuario079@lafortuna.com.co,No me llego el desprendible de pago,El usuario reporta la novedad desde el inicio de la jornada y requiere solucion para continuar con su labor.,en_proceso,0
TK-00635,2026-05-08,,Comercial,software,critica,correo,usuario055@lafortuna.com.co,Error al guardar el formulario de ingreso,El solicitante indica que la novedad se presenta de forma intermitente desde hace tres dias.,reabierto,3
TK-00709,2025-05-27,,Contabilidad,hardware,alta,formulario web,usuario049@lafortuna.com.co,El portatil no enciende desde ayer,El solicitante indica que la novedad se presenta de forma intermitente desde hace tres dias.,escalado,0
TK-00906,2025-01-04,2025-01-09,Contabilidad,capacitacion,alta,formulario,usuario161@lafortuna.com.co,Cuando es la proxima induccion,Se solicita atencion prioritaria porque afecta la operacion del area y el cierre del periodo.,cerrado,0
TK-00895,2025-06-04,,Aplicaciones,software,critica,correo,usuario130@lafortuna.com.co,Error al guardar el formulario de ingreso,Se solicita atencion prioritaria porque afecta la operacion del area y el cierre del periodo.,escalado,0
TK-00348,2026-05-02,,Infraestructura,gestion_de_accesos,media,formulario web,usuario009@lafortuna.com.co,Necesito acceso a la carpeta compartida de mi area,El caso fue reportado por telefono y se registra para trazabilidad.,abierto,0
TK-00437,2025-02-23,2025-02-23,Contabilidad,viaticos,media,correo,usuario011@lafortuna.com.co,Necesito anticipo para comision,,reabierto,2
TK-00236,2025-04-30,,Infraestructura,otros,alta,mesa de ayuda,usuario164@lafortuna.com.co,Pendiente por definir,,escalado,0
TK-01499,2025-07-05,,Operaciones,nomina,media,correo,usuario008@lafortuna.com.co,Solicito certificado laboral con salario,El caso fue reportado por telefono y se registra para trazabilidad.,abierto,0
TK-00820,2025-09-06,,Talento Humano,accesos,baja,telefono,usuario092@lafortuna.com.co,Necesito acceso a la carpeta compartida de mi area,Se solicita atencion prioritaria porque afecta la operacion del area y el cierre del periodo.,abierto,0
TK-01278,2026-03-27,,Comercial,accesos,baja,correo,usuario053@lafortuna.com.co,Me retiraron el acceso y aun trabajo en el proceso,El solicitante indica que la novedad se presenta de forma intermitente desde hace tres dias.,en_proceso,0
TK-01428,2025-12-03,,Calidad,reportes,baja,formulario web,usuario016@lafortuna.com.co,El informe muestra cifras distintas al sistema,Requerimiento remitido por la jefatura del area para gestion.,escalado,0
TK-01528,2025-11-14,,Compras,red,alta,formulario web,usuario119@lafortuna.com.co,No carga el sistema desde la sede sur,El usuario reporta la novedad desde el inicio de la jornada y requiere solucion para continuar con su labor.,abierto,0
TK-00442,2025-11-22,,Aplicaciones,viaticos,alta,telefono,usuario006@lafortuna.com.co,Necesito anticipo para comision,Se adjunta captura de pantalla del mensaje de error recibido.,abierto,0
TK-01065,2025-08-02,,Talento Humano,capacitacion,baja,formulario web,usuario086@lafortuna.com.co,Solicito capacitacion en el modulo nuevo,,escalado,0
TK-00242,2025-02-23,,Compras,vacaciones,media,correo,usuario166@lafortuna.com.co,Puedo dividir mis vacaciones en dos periodos,El solicitante indica que la novedad se presenta de forma intermitente desde hace tres dias.,en_proceso,0
TK-01866,2026-02-24,,Calidad,hardware,media,correo,usuario109@lafortuna.com.co,La impresora de la sede norte imprime rayada,Requerimiento remitido por la jefatura del area para gestion.,abierto,0
TK-00352,2025-09-04,,Contabilidad,hardware,media,mesa de ayuda,usuario165@lafortuna.com.co,Necesito un monitor adicional para el puesto,El solicitante indica que la novedad se presenta de forma intermitente desde hace tres dias.,en_proceso,0
TK-00869,2025-09-28,,Talento Humano,gestion_de_accesos,media,correo,usuario019@lafortuna.com.co,Necesito acceso a la carpeta compartida de mi area,Se solicita atencion prioritaria porque afecta la operacion del area y el cierre del periodo.,reabierto,3
TK-01694,2026-05-07,2026-06-19,Talento Humano,red,baja,correo,usuario139@lafortuna.com.co,No carga el sistema desde la sede sur,,reabierto,3
TK-01880,2025-12-27,2026-01-09,Operaciones,accesos,baja,telefono,usuario047@lafortuna.com.co,Necesito acceso a la carpeta compartida de mi area,Se solicita atencion prioritaria porque afecta la operacion del area y el cierre del periodo.,cerrado,0
TK-00937,2025-12-10,2025-12-10,Comercial,capacitacion,media,correo,usuario175@lafortuna.com.co,Cuando es la proxima induccion,Se adjunta captura de pantalla del mensaje de error recibido.,cerrado,0
TK-00394,2025-09-10,,Calidad,hardware,baja,telefono,usuario131@lafortuna.com.co,Solicito reposicion de diadema danada,El solicitante indica que la novedad se presenta de forma intermitente desde hace tres dias.,reabierto,1
TK-01799,2025-02-09,,Calidad,reportes,critica,formulario web,usuario034@lafortuna.com.co,El reporte no incluye la sede nueva,Requerimiento remitido por la jefatura del area para gestion.,en_proceso,0
TK-01539,2026-05-04,,Talento Humano,compras,baja,correo,usuario050@lafortuna.com.co,Necesito cotizacion para equipos de la bodega,Se solicita atencion prioritaria porque afecta la operacion del area y el cierre del periodo.,en_proceso,0
TK-01899,2025-08-30,2025-10-14,Infraestructura,otros,media,mesa de ayuda,usuario055@lafortuna.com.co,Pendiente por definir,Requerimiento remitido por la jefatura del area para gestion.,cerrado,0
TK-01486,2025-06-04,,Aplicaciones,aplicaciones,media,correo,usuario005@lafortuna.com.co,La version instalada no coincide con la del area,Requerimiento remitido por la jefatura del area para gestion.,reabierto,3
TK-01329,2025-12-18,,Comercial,accesos,media,telefono,usuario052@lafortuna.com.co,Necesito acceso a la carpeta compartida de mi area,Se adjunta captura de pantalla del mensaje de error recibido.,reabierto,1
TK-01611,2026-02-13,,Talento Humano,software,baja,telefono,usuario178@lafortuna.com.co,Error al guardar el formulario de ingreso,,reabierto,3
TK-01380,2026-05-28,,Operaciones,red,media,correo,usuario056@lafortuna.com.co,La VPN se desconecta cada media hora,El caso fue reportado por telefono y se registra para trazabilidad.,reabierto,3
TK-00982,2026-01-24,,Aplicaciones,capacitacion,alta,correo,usuario150@lafortuna.com.co,Necesito material del curso de la semana pasada,El usuario reporta la novedad desde el inicio de la jornada y requiere solucion para continuar con su labor.,reabierto,1
TK-01219,2025-01-09,,Operaciones,nomina,media,formulario,usuario043@lafortuna.com.co,Solicito certificado laboral con salario,Se adjunta captura de pantalla del mensaje de error recibido.,abierto,0
TK-01248,2025-07-04,,Contabilidad,compras,critica,telefono,usuario156@lafortuna.com.co,Estado de la orden de compra 4471,El usuario reporta la novedad desde el inicio de la jornada y requiere solucion para continuar con su labor.,reabierto,1
TK-01398,2026-03-14,,Comercial,nomina,critica,formulario web,usuario145@lafortuna.com.co,Solicito certificado laboral con salario,,reabierto,2
TK-00496,2026-06-09,,Talento Humano,software,media,correo,usuario009@lafortuna.com.co,Aparece un mensaje de sesion expirada cada cinco minutos,Se adjunta captura de pantalla del mensaje de error recibido.,reabierto,3
TK-00860,2025-02-08,,Contabilidad,software,media,mesa de ayuda,usuario029@lafortuna.com.co,Error al guardar el formulario de ingreso,El usuario reporta la novedad desde el inicio de la jornada y requiere solucion para continuar con su labor.,abierto,0
TK-00380,2025-09-21,2025-10-04,Aplicaciones,vacaciones,alta,formulario,usuario077@lafortuna.com.co,Cuantos dias tengo acumulados,El usuario reporta la novedad desde el inicio de la jornada y requiere solucion para continuar con su labor.,cerrado,0
TK-00854,2026-02-04,,Infraestructura,vacaciones,baja,telefono,usuario129@lafortuna.com.co,Cuantos dias tengo acumulados,El solicitante indica que la novedad se presenta de forma intermitente desde hace tres dias.,abierto,0
TK-00136,2026-01-04,2026-02-12,Infraestructura,otros,critica,formulario,usuario163@lafortuna.com.co,Consulta general,El solicitante indica que la novedad se presenta de forma intermitente desde hace tres dias.,reabierto,3
TK-01215,2025-04-18,,Talento Humano,hardware,alta,correo,usuario033@lafortuna.com.co,El teclado dejo de responder,,abierto,0
TK-01197,2026-03-22,,Operaciones,reportes,baja,correo,usuario096@lafortuna.com.co,El informe muestra cifras distintas al sistema,El solicitante indica que la novedad se presenta de forma intermitente desde hace tres dias.,abierto,0
TK-01161,2026-06-24,,Contabilidad,gestion_de_accesos,baja,mesa de ayuda,usuario151@lafortuna.com.co,Solicito permiso al modulo de cartera,El caso fue reportado por telefono y se registra para trazabilidad.,en_proceso,0
TK-00306,2025-01-23,,Contabilidad,gestion_de_accesos,media,mesa de ayuda,usuario173@lafortuna.com.co,Necesito acceso a la carpeta compartida de mi area,Requerimiento remitido por la jefatura del area para gestion.,escalado,0
TK-01122,2025-01-28,2025-02-17,Talento Humano,otros,alta,formulario,usuario156@lafortuna.com.co,Consulta general,El caso fue reportado por telefono y se registra para trazabilidad.,cerrado,1
TK-00120,2025-05-06,,Compras,hardware,baja,formulario,usuario038@lafortuna.com.co,El teclado dejo de responder,El solicitante indica que la novedad se presenta de forma intermitente desde hace tres dias.,reabierto,2
TK-00475,2026-01-16,2026-02-22,Compras,vacaciones,critica,telefono,usuario115@lafortuna.com.co,Con cuanta anticipacion debo solicitar vacaciones,El caso fue reportado por telefono y se registra para trazabilidad.,cerrado,0
TK-00291,2025-09-17,,Infraestructura,nomina,alta,telefono,usuario035@lafortuna.com.co,Error en el descuento de la quincena,Se solicita atencion prioritaria porque afecta la operacion del area y el cierre del periodo.,reabierto,1
TK-01128,2025-11-05,,Talento Humano,sin_clasificar,baja,telefono,usuario009@lafortuna.com.co,Pendiente por definir,Se solicita atencion prioritaria porque afecta la operacion del area y el cierre del periodo.,en_proceso,0
TK-00707,2026-04-11,2026-05-03,Compras,vacaciones,critica,mesa de ayuda,usuario155@lafortuna.com.co,Cuantos dias tengo acumulados,El caso fue reportado por telefono y se registra para trazabilidad.,cerrado,0
TK-01142,2025-01-03,,Infraestructura,accesos,alta,telefono,usuario001@lafortuna.com.co,Se bloqueo mi usuario tras varios intentos,Requerimiento remitido por la jefatura del area para gestion.,abierto,0
TK-01806,2026-05-26,2026-06-13,Talento Humano,accesos,media,telefono,usuario146@lafortuna.com.co,No puedo entrar al sistema Centrica,El solicitante indica que la novedad se presenta de forma intermitente desde hace tres dias.,cerrado,0
TK-01357,2025-02-27,,Aplicaciones,conectividad,media,correo,usuario061@lafortuna.com.co,La VPN se desconecta cada media hora,Se adjunta captura de pantalla del mensaje de error recibido.,abierto,0
TK-01026,2026-02-14,,Operaciones,capacitacion,critica,telefono,usuario016@lafortuna.com.co,Solicito capacitacion en el modulo nuevo,Se adjunta captura de pantalla del mensaje de error recibido.,reabierto,1
TK-01214,2026-04-14,,Calidad,nomina,media,correo,usuario174@lafortuna.com.co,Error en el descuento de la quincena,El usuario reporta la novedad desde el inicio de la jornada y requiere solucion para continuar con su labor.,abierto,0
TK-00960,2025-12-14,,Calidad,reportes,media,mesa de ayuda,usuario081@lafortuna.com.co,Solicito exportar el listado a Excel,Se adjunta captura de pantalla del mensaje de error recibido.,abierto,0
TK-01704,2025-05-24,,Infraestructura,reportes,critica,telefono,usuario176@lafortuna.com.co,Solicito exportar el listado a Excel,Se solicita atencion prioritaria porque afecta la operacion del area y el cierre del periodo.,abierto,0
TK-00131,2025-05-18,2025-06-11,Contabilidad,reportes,media,correo,usuario012@lafortuna.com.co,El informe muestra cifras distintas al sistema,El caso fue reportado por telefono y se registra para trazabilidad.,cerrado,1
TK-00902,2025-06-13,,Calidad,nomina,media,telefono,usuario020@lafortuna.com.co,Diferencia en el pago de horas extras,Requerimiento remitido por la jefatura del area para gestion.,reabierto,3
TK-00619,2026-05-17,,Aplicaciones,vacaciones,baja,mesa de ayuda,usuario137@lafortuna.com.co,Puedo dividir mis vacaciones en dos periodos,Se solicita atencion prioritaria porque afecta la operacion del area y el cierre del periodo.,abierto,0
TK-00200,2025-08-08,,Compras,reportes,alta,correo,usuario129@lafortuna.com.co,El reporte no incluye la sede nueva,Se solicita atencion prioritaria porque afecta la operacion del area y el cierre del periodo.,reabierto,3
TK-01606,2025-05-27,,Compras,hardware,alta,telefono,usuario040@lafortuna.com.co,El teclado dejo de responder,Requerimiento remitido por la jefatura del area para gestion.,reabierto,1
TK-01159,2026-04-16,,Infraestructura,otros,media,correo,usuario142@lafortuna.com.co,Pendiente por definir,El caso fue reportado por telefono y se registra para trazabilidad.,abierto,0
TK-01167,2025-08-29,,Calidad,compras,media,correo,usuario069@lafortuna.com.co,Estado de la orden de compra 4471,,en_proceso,0
TK-00247,2025-06-16,2025-06-25,Aplicaciones,vacaciones,media,correo,usuario003@lafortuna.com.co,Cuantos dias tengo acumulados,El solicitante indica que la novedad se presenta de forma intermitente desde hace tres dias.,cerrado,0
TK-01504,2025-10-07,,Calidad,accesos,critica,formulario web,usuario109@lafortuna.com.co,Solicito permiso al modulo de cartera,El solicitante indica que la novedad se presenta de forma intermitente desde hace tres dias.,en_proceso,0
TK-00609,2025-01-14,2025-02-28,Comercial,hardware,baja,mesa de ayuda,usuario078@lafortuna.com.co,Solicito reposicion de diadema danada,,cerrado,0
TK-01613,2025-03-30,2025-04-26,Talento Humano,nomina,critica,correo,usuario104@lafortuna.com.co,Error en el descuento de la quincena,,reabierto,2
TK-00811,2026-02-15,2026-03-23,Calidad,software,alta,correo,usuario012@lafortuna.com.co,Aparece un mensaje de sesion expirada cada cinco minutos,Se solicita atencion prioritaria porque afecta la operacion del area y el cierre del periodo.,cerrado,0
TK-01508,2026-06-30,,Comercial,software,media,correo,usuario110@lafortuna.com.co,Aparece un mensaje de sesion expirada cada cinco minutos,,en_proceso,0
TK-00206,2025-11-22,,Contabilidad,software,baja,formulario,usuario148@lafortuna.com.co,La aplicacion se cierra al generar el informe,El caso fue reportado por telefono y se registra para trazabilidad.,reabierto,3
TK-01148,2025-06-19,,Compras,red,alta,formulario,usuario137@lafortuna.com.co,Muy lenta la conexion en la bodega,El solicitante indica que la novedad se presenta de forma intermitente desde hace tres dias.,abierto,0
TK-01147,2025-07-23,,Contabilidad,capacitacion,alta,correo,usuario157@lafortuna.com.co,Necesito material del curso de la semana pasada,El solicitante indica que la novedad se presenta de forma intermitente desde hace tres dias.,abierto,0
TK-00808,2025-01-11,,Contabilidad,incidente,critica,formulario web,usuario081@lafortuna.com.co,Caida total del sistema en la sede principal,Requerimiento remitido por la jefatura del area para gestion.,reabierto,2
TK-00795,2025-05-27,2025-06-23,Aplicaciones,vacaciones,media,mesa de ayuda,usuario093@lafortuna.com.co,Puedo dividir mis vacaciones en dos periodos,Requerimiento remitido por la jefatura del area para gestion.,cerrado,0
TK-01478,2025-04-16,,Aplicaciones,accesos,alta,telefono,usuario025@lafortuna.com.co,Necesito acceso a la carpeta compartida de mi area,Se adjunta captura de pantalla del mensaje de error recibido.,reabierto,2
TK-00245,2025-09-04,,Talento Humano,accesos,baja,correo,usuario017@lafortuna.com.co,Me retiraron el acceso y aun trabajo en el proceso,El caso fue reportado por telefono y se registra para trazabilidad.,en_proceso,0
TK-01318,2025-04-19,2025-05-31,Compras,conectividad,alta,mesa de ayuda,usuario119@lafortuna.com.co,No carga el sistema desde la sede sur,Se solicita atencion prioritaria porque afecta la operacion del area y el cierre del periodo.,cerrado,1
TK-01132,2025-08-08,,Compras,nomina,alta,formulario,usuario046@lafortuna.com.co,Solicito certificado laboral con salario,El usuario reporta la novedad desde el inicio de la jornada y requiere solucion para continuar con su labor.,reabierto,2
TK-00106,2025-12-17,2026-01-07,Operaciones,reportes,critica,mesa de ayuda,usuario139@lafortuna.com.co,Necesito el reporte de ventas del trimestre,Se adjunta captura de pantalla del mensaje de error recibido.,cerrado,0
TK-00483,2025-01-03,,Contabilidad,compras,alta,telefono,usuario176@lafortuna.com.co,Necesito cotizacion para equipos de la bodega,El caso fue reportado por telefono y se registra para trazabilidad.,en_proceso,0
TK-00754,2026-03-11,,Infraestructura,hardware,baja,telefono,usuario119@lafortuna.com.co,Solicito reposicion de diadema danada,Requerimiento remitido por la jefatura del area para gestion.,en_proceso,0
TK-01014,2025-04-26,,Infraestructura,incidente,media,mesa de ayuda,usuario149@lafortuna.com.co,Perdida de informacion en el modulo de inventario,Se solicita atencion prioritaria porque afecta la operacion del area y el cierre del periodo.,en_proceso,0
TK-00344,2025-06-05,,Aplicaciones,red,critica,telefono,usuario086@lafortuna.com.co,La VPN se desconecta cada media hora,El caso fue reportado por telefono y se registra para trazabilidad.,en_proceso,0
TK-00101,2025-04-09,,Talento Humano,software,baja,correo,usuario145@lafortuna.com.co,Necesito que instalen el visor de planos,El solicitante indica que la novedad se presenta de forma intermitente desde hace tres dias.,abierto,0
TK-00863,2025-09-12,2025-09-15,Contabilidad,viaticos,critica,correo,usuario053@lafortuna.com.co,No me han reembolsado los gastos del mes pasado,Se solicita atencion prioritaria porque afecta la operacion del area y el cierre del periodo.,cerrado,0
TK-00423,2025-09-15,,Calidad,hardware,alta,mesa de ayuda,usuario173@lafortuna.com.co,Solicito reposicion de diadema danada,Se solicita atencion prioritaria porque afecta la operacion del area y el cierre del periodo.,reabierto,3
TK-01546,2026-03-12,,Operaciones,accesos,critica,correo,usuario097@lafortuna.com.co,Necesito acceso a la carpeta compartida de mi area,El caso fue reportado por telefono y se registra para trazabilidad.,en_proceso,0
TK-00764,2025-01-09,,Operaciones,incidente,media,mesa de ayuda,usuario028@lafortuna.com.co,Se cayo el servicio de facturacion,El solicitante indica que la novedad se presenta de forma intermitente desde hace tres dias.,en_proceso,0
TK-00077,2025-06-19,,Calidad,conectividad,media,formulario,usuario111@lafortuna.com.co,Muy lenta la conexion en la bodega,Se adjunta captura de pantalla del mensaje de error recibido.,abierto,0
TK-00622,2025-01-30,,Compras,hardware,media,formulario,usuario059@lafortuna.com.co,Solicito reposicion de diadema danada,El solicitante indica que la novedad se presenta de forma intermitente desde hace tres dias.,reabierto,1
TK-00968,2025-10-25,,Calidad,hardware,media,telefono,usuario029@lafortuna.com.co,El portatil no enciende desde ayer,,abierto,0
TK-01797,2025-06-12,,Contabilidad,software,alta,telefono,usuario144@lafortuna.com.co,Necesito que instalen el visor de planos,,abierto,0
TK-00434,2025-07-14,,Contabilidad,accesos,alta,mesa de ayuda,usuario098@lafortuna.com.co,Necesito acceso a la carpeta compartida de mi area,Se adjunta captura de pantalla del mensaje de error recibido.,abierto,0
TK-00050,2026-05-14,,Contabilidad,accesos,alta,formulario,usuario032@lafortuna.com.co,Se bloqueo mi usuario tras varios intentos,El caso fue reportado por telefono y se registra para trazabilidad.,escalado,0
TK-00865,2025-06-30,,Aplicaciones,nomina,baja,telefono,usuario077@lafortuna.com.co,No me llego el desprendible de pago,El solicitante indica que la novedad se presenta de forma intermitente desde hace tres dias.,reabierto,2
TK-01303,2026-06-18,,Calidad,compras,media,correo,usuario090@lafortuna.com.co,Estado de la orden de compra 4471,Requerimiento remitido por la jefatura del area para gestion.,reabierto,1
TK-00729,2025-01-19,2025-03-04,Contabilidad,accesos,alta,formulario,usuario142@lafortuna.com.co,Solicito permiso al modulo de cartera,Se solicita atencion prioritaria porque afecta la operacion del area y el cierre del periodo.,cerrado,0
TK-01137,2026-05-04,2026-05-09,Comercial,software,alta,formulario,usuario096@lafortuna.com.co,Aparece un mensaje de sesion expirada cada cinco minutos,Se adjunta captura de pantalla del mensaje de error recibido.,cerrado,0
TK-01032,2026-03-30,2026-04-25,Calidad,hardware,alta,telefono,usuario110@lafortuna.com.co,Necesito un monitor adicional para el puesto,,cerrado,0
TK-00679,2025-05-13,,Infraestructura,conectividad,critica,telefono,usuario123@lafortuna.com.co,La VPN se desconecta cada media hora,El usuario reporta la novedad desde el inicio de la jornada y requiere solucion para continuar con su labor.,abierto,0
TK-01956,2026-02-22,,Compras,vacaciones,media,correo,usuario173@lafortuna.com.co,Puedo dividir mis vacaciones en dos periodos,Se adjunta captura de pantalla del mensaje de error recibido.,reabierto,2
TK-00886,2026-01-08,2026-02-17,Infraestructura,capacitacion,alta,telefono,usuario122@lafortuna.com.co,Solicito capacitacion en el modulo nuevo,El caso fue reportado por telefono y se registra para trazabilidad.,cerrado,0
TK-00521,2026-02-14,,Contabilidad,otros,media,correo,usuario022@lafortuna.com.co,Pendiente por definir,El caso fue reportado por telefono y se registra para trazabilidad.,en_proceso,0
TK-00329,2026-01-04,2026-01-12,Talento Humano,gestion_de_accesos,critica,telefono,usuario087@lafortuna.com.co,Se bloqueo mi usuario tras varios intentos,El solicitante indica que la novedad se presenta de forma intermitente desde hace tres dias.,cerrado,0
TK-00403,2026-04-01,2026-04-09,Operaciones,red,media,formulario,usuario037@lafortuna.com.co,Muy lenta la conexion en la bodega,Se adjunta captura de pantalla del mensaje de error recibido.,en_proceso,0
TK-01087,2025-01-15,,Operaciones,viaticos,baja,correo,usuario115@lafortuna.com.co,Necesito anticipo para comision,El usuario reporta la novedad desde el inicio de la jornada y requiere solucion para continuar con su labor.,reabierto,3
TK-01623,2026-05-08,,Infraestructura,nomina,alta,formulario web,usuario112@lafortuna.com.co,Error en el descuento de la quincena,El usuario reporta la novedad desde el inicio de la jornada y requiere solucion para continuar con su labor.,en_proceso,0
TK-01912,2025-03-27,2025-04-15,Talento Humano,nomina,critica,mesa de ayuda,usuario113@lafortuna.com.co,Diferencia en el pago de horas extras,Se solicita atencion prioritaria porque afecta la operacion del area y el cierre del periodo.,cerrado,0
TK-01157,2026-03-30,2026-05-08,Aplicaciones,software,alta,telefono,usuario164@lafortuna.com.co,Error al guardar el formulario de ingreso,El caso fue reportado por telefono y se registra para trazabilidad.,cerrado,0
TK-00964,2025-07-03,,Infraestructura,otros,media,formulario web,usuario115@lafortuna.com.co,Solicitud varias,El caso fue reportado por telefono y se registra para trazabilidad.,escalado,0
TK-00556,2025-03-06,,Aplicaciones,software,critica,formulario,usuario048@lafortuna.com.co,La aplicacion se cierra al generar el informe,Se solicita atencion prioritaria porque afecta la operacion del area y el cierre del periodo.,en_proceso,0
TK-00663,2025-06-16,,Calidad,software,baja,telefono,usuario049@lafortuna.com.co,Necesito que instalen el visor de planos,El solicitante indica que la novedad se presenta de forma intermitente desde hace tres dias.,en_proceso,0
TK-00498,2025-01-25,,Operaciones,gestion_de_accesos,alta,formulario web,usuario068@lafortuna.com.co,Solicito permiso al modulo de cartera,Se solicita atencion prioritaria porque afecta la operacion del area y el cierre del periodo.,en_proceso,0
TK-01129,2025-02-11,,Talento Humano,reportes,media,formulario,usuario036@lafortuna.com.co,El reporte no incluye la sede nueva,Se solicita atencion prioritaria porque afecta la operacion del area y el cierre del periodo.,escalado,0
TK-00703,2026-01-12,,Contabilidad,capacitacion,baja,formulario,usuario124@lafortuna.com.co,Necesito material del curso de la semana pasada,Se adjunta captura de pantalla del mensaje de error recibido.,reabierto,1
TK-01270,2026-06-21,,Contabilidad,accesos,alta,formulario,usuario079@lafortuna.com.co,Se bloqueo mi usuario tras varios intentos,,reabierto,1
TK-01089,2025-11-04,2025-12-01,Calidad,aplicaciones,baja,correo,usuario050@lafortuna.com.co,La version instalada no coincide con la del area,Requerimiento remitido por la jefatura del area para gestion.,escalado,0
TK-00921,2026-03-27,,Comercial,nomina,critica,telefono,usuario035@lafortuna.com.co,No me llego el desprendible de pago,,en_proceso,0
TK-00834,2025-11-07,,Comercial,incidente,alta,correo,usuario031@lafortuna.com.co,Perdida de informacion en el modulo de inventario,El caso fue reportado por telefono y se registra para trazabilidad.,reabierto,1
TK-00061,2026-04-22,2026-04-28,Talento Humano,capacitacion,media,correo,usuario155@lafortuna.com.co,Cuando es la proxima induccion,Se solicita atencion prioritaria porque afecta la operacion del area y el cierre del periodo.,cerrado,0
TK-00139,2026-04-04,,Contabilidad,gestion_de_accesos,media,formulario,usuario085@lafortuna.com.co,Se bloqueo mi usuario tras varios intentos,Requerimiento remitido por la jefatura del area para gestion.,escalado,0
TK-00123,2025-01-27,,Operaciones,otros,media,correo,usuario093@lafortuna.com.co,Pendiente por definir,Se adjunta captura de pantalla del mensaje de error recibido.,en_proceso,0
TK-00478,2026-05-12,,Contabilidad,aplicaciones,media,correo,usuario068@lafortuna.com.co,Error al guardar el formulario de ingreso,El usuario reporta la novedad desde el inicio de la jornada y requiere solucion para continuar con su labor.,abierto,0
TK-01854,2025-01-21,2025-02-24,Compras,hardware,baja,formulario,usuario180@lafortuna.com.co,El teclado dejo de responder,El usuario reporta la novedad desde el inicio de la jornada y requiere solucion para continuar con su labor.,cerrado,0
TK-01053,2025-05-06,,Aplicaciones,gestion_de_accesos,critica,correo,usuario171@lafortuna.com.co,Necesito acceso a la carpeta compartida de mi area,El caso fue reportado por telefono y se registra para trazabilidad.,escalado,0
TK-01530,2026-02-22,,Compras,reportes,media,formulario web,usuario029@lafortuna.com.co,El reporte no incluye la sede nueva,Se solicita atencion prioritaria porque afecta la operacion del area y el cierre del periodo.,reabierto,1
TK-00168,2025-11-20,2025-12-04,Comercial,red,baja,correo,usuario015@lafortuna.com.co,La VPN se desconecta cada media hora,,cerrado,0
TK-01315,2026-04-17,,Talento Humano,capacitacion,media,formulario,usuario141@lafortuna.com.co,Necesito material del curso de la semana pasada,Requerimiento remitido por la jefatura del area para gestion.,en_proceso,0
TK-00173,2025-12-18,2026-01-01,Operaciones,red,critica,correo,usuario002@lafortuna.com.co,Muy lenta la conexion en la bodega,El caso fue reportado por telefono y se registra para trazabilidad.,cerrado,0
TK-00649,2025-05-06,,Aplicaciones,incidente,critica,mesa de ayuda,usuario060@lafortuna.com.co,Los usuarios reportan lentitud generalizada,El caso fue reportado por telefono y se registra para trazabilidad.,en_proceso,0
TK-00017,2025-03-01,,Talento Humano,accesos,media,correo,usuario158@lafortuna.com.co,Necesito acceso a la carpeta compartida de mi area,Se solicita atencion prioritaria porque afecta la operacion del area y el cierre del periodo.,en_proceso,0
TK-01050,2026-01-18,,Talento Humano,incidente,alta,telefono,usuario103@lafortuna.com.co,Se cayo el servicio de facturacion,Requerimiento remitido por la jefatura del area para gestion.,abierto,0
TK-01324,2025-01-20,,Infraestructura,otros,alta,correo,usuario013@lafortuna.com.co,Requerimiento del area,,en_proceso,0
TK-00465,2025-08-11,,Calidad,compras,baja,correo,usuario071@lafortuna.com.co,Necesito cotizacion para equipos de la bodega,Requerimiento remitido por la jefatura del area para gestion.,reabierto,3
TK-01625,2026-06-15,,Infraestructura,otros,media,correo,usuario170@lafortuna.com.co,Requerimiento del area,,reabierto,0
TK-01680,2025-06-20,2025-07-26,Infraestructura,reportes,baja,telefono,usuario007@lafortuna.com.co,El reporte no incluye la sede nueva,Se adjunta captura de pantalla del mensaje de error recibido.,cerrado,0
TK-01519,2025-03-02,,Infraestructura,otros,baja,formulario,usuario029@lafortuna.com.co,Solicitud varias,,abierto,0
TK-01041,2025-01-14,,Operaciones,vacaciones,alta,correo,usuario037@lafortuna.com.co,Me negaron las vacaciones solicitadas,El usuario reporta la novedad desde el inicio de la jornada y requiere solucion para continuar con su labor.,reabierto,1
TK-00054,2025-01-28,2025-02-05,Aplicaciones,otros,critica,telefono,usuario012@lafortuna.com.co,Solicitud varias,El usuario reporta la novedad desde el inicio de la jornada y requiere solucion para continuar con su labor.,cerrado,0
TK-01926,2025-04-19,,Infraestructura,accesos,alta,formulario,usuario134@lafortuna.com.co,Me retiraron el acceso y aun trabajo en el proceso,El solicitante indica que la novedad se presenta de forma intermitente desde hace tres dias.,reabierto,2
TK-00936,2025-03-01,2025-03-24,Calidad,conectividad,baja,correo,usuario001@lafortuna.com.co,Muy lenta la conexion en la bodega,,cerrado,1
TK-00160,2026-05-29,2026-06-25,Talento Humano,gestion_de_accesos,media,formulario web,usuario151@lafortuna.com.co,Me retiraron el acceso y aun trabajo en el proceso,,cerrado,0
TK-00651,2026-02-04,,Operaciones,hardware,baja,correo,usuario167@lafortuna.com.co,Necesito un monitor adicional para el puesto,El solicitante indica que la novedad se presenta de forma intermitente desde hace tres dias.,en_proceso,0
TK-00125,2026-02-07,,Compras,capacitacion,media,correo,usuario047@lafortuna.com.co,Necesito material del curso de la semana pasada,El solicitante indica que la novedad se presenta de forma intermitente desde hace tres dias.,reabierto,1
TK-00370,2026-04-29,,Infraestructura,otros,media,telefono,usuario109@lafortuna.com.co,Pendiente por definir,Requerimiento remitido por la jefatura del area para gestion.,en_proceso,0
TK-00377,2025-08-03,2025-09-17,Talento Humano,compras,alta,telefono,usuario160@lafortuna.com.co,El proveedor no ha entregado lo solicitado,El caso fue reportado por telefono y se registra para trazabilidad.,cerrado,0
TK-01848,2025-06-05,,Compras,vacaciones,baja,telefono,usuario173@lafortuna.com.co,Con cuanta anticipacion debo solicitar vacaciones,Requerimiento remitido por la jefatura del area para gestion.,abierto,0
TK-00422,2025-05-21,2025-06-28,Operaciones,conectividad,critica,mesa de ayuda,usuario039@lafortuna.com.co,Muy lenta la conexion en la bodega,Requerimiento remitido por la jefatura del area para gestion.,cerrado,0
TK-00601,2026-06-16,2026-07-30,Talento Humano,hardware,baja,mesa de ayuda,usuario104@lafortuna.com.co,Solicito reposicion de diadema danada,El usuario reporta la novedad desde el inicio de la jornada y requiere solucion para continuar con su labor.,cerrado,0
TK-00373,2026-06-15,,Compras,hardware,alta,correo,usuario149@lafortuna.com.co,Solicito reposicion de diadema danada,Se solicita atencion prioritaria porque afecta la operacion del area y el cierre del periodo.,reabierto,2
TK-00014,2026-01-06,,Operaciones,conectividad,media,formulario web,usuario028@lafortuna.com.co,No carga el sistema desde la sede sur,El caso fue reportado por telefono y se registra para trazabilidad.,reabierto,3
TK-00847,2025-12-30,,Infraestructura,reportes,critica,formulario,usuario151@lafortuna.com.co,El reporte no incluye la sede nueva,Se adjunta captura de pantalla del mensaje de error recibido.,escalado,0
TK-00804,2026-06-02,,Operaciones,compras,baja,telefono,usuario160@lafortuna.com.co,Estado de la orden de compra 4471,Se solicita atencion prioritaria porque afecta la operacion del area y el cierre del periodo.,en_proceso,0
TK-00589,2026-06-30,2026-07-20,Comercial,incidente,critica,correo,usuario106@lafortuna.com.co,Caida total del sistema en la sede principal,El usuario reporta la novedad desde el inicio de la jornada y requiere solucion para continuar con su labor.,cerrado,0
TK-00718,2026-06-24,,Infraestructura,nomina,media,mesa de ayuda,usuario036@lafortuna.com.co,Error en el descuento de la quincena,El caso fue reportado por telefono y se registra para trazabilidad.,reabierto,1
TK-00273,2025-07-28,,Aplicaciones,hardware,alta,telefono,usuario050@lafortuna.com.co,El teclado dejo de responder,Se adjunta captura de pantalla del mensaje de error recibido.,reabierto,2
TK-01096,2025-06-28,,Compras,compras,alta,telefono,usuario089@lafortuna.com.co,Estado de la orden de compra 4471,,reabierto,3
TK-01819,2025-07-13,,Comercial,compras,critica,formulario,usuario045@lafortuna.com.co,Como registro un proveedor nuevo,Se adjunta captura de pantalla del mensaje de error recibido.,abierto,0
TK-00995,2026-03-26,2026-04-15,Infraestructura,aplicaciones,critica,correo,usuario129@lafortuna.com.co,Aparece un mensaje de sesion expirada cada cinco minutos,El caso fue reportado por telefono y se registra para trazabilidad.,cerrado,0
TK-00751,2025-05-20,,Contabilidad,accesos,alta,telefono,usuario123@lafortuna.com.co,Necesito acceso a la carpeta compartida de mi area,Se adjunta captura de pantalla del mensaje de error recibido.,escalado,0
TK-00244,2025-10-12,,Contabilidad,gestion_de_accesos,alta,telefono,usuario132@lafortuna.com.co,Solicito permiso al modulo de cartera,El usuario reporta la novedad desde el inicio de la jornada y requiere solucion para continuar con su labor.,abierto,0
TK-01210,2026-06-22,,Infraestructura,aplicaciones,alta,mesa de ayuda,usuario032@lafortuna.com.co,Aparece un mensaje de sesion expirada cada cinco minutos,,en_proceso,0
TK-01716,2025-02-03,,Calidad,capacitacion,media,telefono,usuario018@lafortuna.com.co,Solicito capacitacion en el modulo nuevo,El usuario reporta la novedad desde el inicio de la jornada y requiere solucion para continuar con su labor.,abierto,0
TK-01116,2025-12-22,,Calidad,incidente,media,correo,usuario012@lafortuna.com.co,Perdida de informacion en el modulo de inventario,,abierto,0
TK-01131,2026-04-19,,Contabilidad,sin_clasificar,critica,telefono,usuario131@lafortuna.com.co,Consulta general,Se adjunta captura de pantalla del mensaje de error recibido.,reabierto,1
TK-01605,2025-11-29,2025-12-19,Talento Humano,sin_clasificar,alta,telefono,usuario070@lafortuna.com.co,Pendiente por definir,,reabierto,2
TK-00534,2026-01-14,2026-02-03,Calidad,gestion_de_accesos,baja,telefono,usuario086@lafortuna.com.co,Se bloqueo mi usuario tras varios intentos,Se adjunta captura de pantalla del mensaje de error recibido.,cerrado,0
TK-01940,2026-03-19,,Contabilidad,accesos,alta,mesa de ayuda,usuario052@lafortuna.com.co,Me retiraron el acceso y aun trabajo en el proceso,El caso fue reportado por telefono y se registra para trazabilidad.,abierto,0
TK-01924,2025-08-23,2025-09-14,Compras,vacaciones,baja,formulario,usuario059@lafortuna.com.co,Con cuanta anticipacion debo solicitar vacaciones,El usuario reporta la novedad desde el inicio de la jornada y requiere solucion para continuar con su labor.,reabierto,3
TK-01577,2025-04-26,,Talento Humano,red,alta,mesa de ayuda,usuario033@lafortuna.com.co,Sin internet en el segundo piso,,en_proceso,0
TK-01150,2026-01-27,,Operaciones,viaticos,baja,telefono,usuario114@lafortuna.com.co,Como legalizo los viaticos del viaje a la costa,Se solicita atencion prioritaria porque afecta la operacion del area y el cierre del periodo.,escalado,0
TK-01645,2025-12-08,2026-01-06,Comercial,nomina,critica,formulario web,usuario154@lafortuna.com.co,No me llego el desprendible de pago,Se solicita atencion prioritaria porque afecta la operacion del area y el cierre del periodo.,cerrado,0
TK-01881,2025-02-24,,Comercial,vacaciones,alta,correo,usuario055@lafortuna.com.co,Me negaron las vacaciones solicitadas,Se adjunta captura de pantalla del mensaje de error recibido.,reabierto,2
TK-01747,2025-08-21,2025-09-04,Talento Humano,reportes,baja,mesa de ayuda,usuario163@lafortuna.com.co,Solicito exportar el listado a Excel,,reabierto,1
TK-00929,2025-10-18,2025-10-18,Compras,accesos,alta,telefono,usuario141@lafortuna.com.co,No puedo entrar al sistema Centrica,El caso fue reportado por telefono y se registra para trazabilidad.,cerrado,0
TK-00793,2026-03-10,,Operaciones,compras,critica,telefono,usuario132@lafortuna.com.co,El proveedor no ha entregado lo solicitado,Requerimiento remitido por la jefatura del area para gestion.,escalado,0
TK-01804,2026-06-22,,Aplicaciones,vacaciones,critica,mesa de ayuda,usuario072@lafortuna.com.co,Me negaron las vacaciones solicitadas,Requerimiento remitido por la jefatura del area para gestion.,abierto,0
TK-01355,2025-03-07,,Contabilidad,otros,alta,mesa de ayuda,usuario101@lafortuna.com.co,Requerimiento del area,El caso fue reportado por telefono y se registra para trazabilidad.,en_proceso,0
TK-01304,2026-02-10,,Contabilidad,red,alta,correo,usuario040@lafortuna.com.co,La VPN se desconecta cada media hora,El usuario reporta la novedad desde el inicio de la jornada y requiere solucion para continuar con su labor.,abierto,0
TK-01213,2026-05-10,2026-05-30,Calidad,vacaciones,baja,correo,usuario095@lafortuna.com.co,Cuantos dias tengo acumulados,,cerrado,1
TK-01860,2025-02-23,,Contabilidad,vacaciones,critica,formulario,usuario064@lafortuna.com.co,Puedo dividir mis vacaciones en dos periodos,El solicitante indica que la novedad se presenta de forma intermitente desde hace tres dias.,en_proceso,0
TK-01828,2025-08-24,,Operaciones,accesos,media,correo,usuario071@lafortuna.com.co,Se bloqueo mi usuario tras varios intentos,Se adjunta captura de pantalla del mensaje de error recibido.,reabierto,3
TK-00194,2025-09-10,,Comercial,capacitacion,media,formulario,usuario153@lafortuna.com.co,Necesito material del curso de la semana pasada,Requerimiento remitido por la jefatura del area para gestion.,en_proceso,0
TK-00121,2025-07-15,,Talento Humano,viaticos,alta,telefono,usuario145@lafortuna.com.co,Cual es el monto autorizado para hospedaje,Se adjunta captura de pantalla del mensaje de error recibido.,reabierto,2
TK-00311,2025-12-09,2026-01-14,Talento Humano,hardware,baja,telefono,usuario036@lafortuna.com.co,Solicito reposicion de diadema danada,Se adjunta captura de pantalla del mensaje de error recibido.,cerrado,0
TK-01361,2025-04-30,2025-05-17,Aplicaciones,viaticos,alta,correo,usuario133@lafortuna.com.co,Cual es el monto autorizado para hospedaje,Se solicita atencion prioritaria porque afecta la operacion del area y el cierre del periodo.,cerrado,0
TK-00875,2025-11-19,2025-11-24,Talento Humano,aplicaciones,media,mesa de ayuda,usuario127@lafortuna.com.co,Necesito que instalen el visor de planos,Requerimiento remitido por la jefatura del area para gestion.,cerrado,1
TK-00694,2025-11-11,2025-12-11,Aplicaciones,reportes,baja,telefono,usuario106@lafortuna.com.co,El informe muestra cifras distintas al sistema,El solicitante indica que la novedad se presenta de forma intermitente desde hace tres dias.,reabierto,2
TK-00172,2025-12-22,,Aplicaciones,vacaciones,media,formulario web,usuario150@lafortuna.com.co,Con cuanta anticipacion debo solicitar vacaciones,El solicitante indica que la novedad se presenta de forma intermitente desde hace tres dias.,reabierto,2
TK-01487,2026-02-03,,Aplicaciones,red,baja,telefono,usuario131@lafortuna.com.co,No carga el sistema desde la sede sur,,en_proceso,0
TK-01316,2025-09-23,2025-10-10,Contabilidad,accesos,critica,formulario,usuario001@lafortuna.com.co,Se bloqueo mi usuario tras varios intentos,El solicitante indica que la novedad se presenta de forma intermitente desde hace tres dias.,cerrado,0
TK-01725,2026-01-28,,Calidad,otros,alta,telefono,usuario144@lafortuna.com.co,Solicitud varias,El caso fue reportado por telefono y se registra para trazabilidad.,abierto,0
TK-01117,2026-02-07,,Contabilidad,nomina,critica,telefono,usuario076@lafortuna.com.co,No me llego el desprendible de pago,El solicitante indica que la novedad se presenta de forma intermitente desde hace tres dias.,reabierto,3
TK-00659,2026-06-03,,Aplicaciones,software,media,correo,usuario028@lafortuna.com.co,La version instalada no coincide con la del area,El caso fue reportado por telefono y se registra para trazabilidad.,reabierto,3
TK-00385,2025-05-05,2025-06-13,Talento Humano,gestion_de_accesos,critica,formulario,usuario040@lafortuna.com.co,Se bloqueo mi usuario tras varios intentos,El usuario reporta la novedad desde el inicio de la jornada y requiere solucion para continuar con su labor.,cerrado,0
TK-01039,2025-11-03,,Aplicaciones,nomina,alta,formulario,usuario063@lafortuna.com.co,No me llego el desprendible de pago,El solicitante indica que la novedad se presenta de forma intermitente desde hace tres dias.,reabierto,1
TK-00204,2025-09-22,2025-10-07,Talento Humano,gestion_de_accesos,baja,formulario web,usuario171@lafortuna.com.co,Solicito permiso al modulo de cartera,,reabierto,3
TK-01286,2025-04-05,2025-04-23,Contabilidad,hardware,critica,telefono,usuario022@lafortuna.com.co,El teclado dejo de responder,Requerimiento remitido por la jefatura del area para gestion.,reabierto,2
TK-01658,2025-11-02,,Aplicaciones,software,critica,mesa de ayuda,usuario131@lafortuna.com.co,La aplicacion se cierra al generar el informe,El usuario reporta la novedad desde el inicio de la jornada y requiere solucion para continuar con su labor.,abierto,0
TK-01785,2025-07-24,,Contabilidad,otros,alta,mesa de ayuda,usuario154@lafortuna.com.co,Requerimiento del area,El usuario reporta la novedad desde el inicio de la jornada y requiere solucion para continuar con su labor.,reabierto,3
TK-00323,2025-11-12,,Contabilidad,vacaciones,alta,mesa de ayuda,usuario111@lafortuna.com.co,Me negaron las vacaciones solicitadas,Requerimiento remitido por la jefatura del area para gestion.,escalado,0
TK-01119,2026-05-02,2026-05-15,Infraestructura,gestion_de_accesos,media,formulario web,usuario066@lafortuna.com.co,Me retiraron el acceso y aun trabajo en el proceso,,cerrado,0
TK-01935,2026-04-04,,Operaciones,hardware,critica,correo,usuario034@lafortuna.com.co,El teclado dejo de responder,Se adjunta captura de pantalla del mensaje de error recibido.,abierto,0
TK-01468,2025-07-16,,Contabilidad,conectividad,baja,formulario,usuario029@lafortuna.com.co,Sin internet en el segundo piso,Requerimiento remitido por la jefatura del area para gestion.,abierto,0
TK-01271,2025-11-11,,Talento Humano,aplicaciones,critica,telefono,usuario008@lafortuna.com.co,Aparece un mensaje de sesion expirada cada cinco minutos,El caso fue reportado por telefono y se registra para trazabilidad.,reabierto,3
TK-00798,2026-01-29,2026-02-08,Talento Humano,vacaciones,media,formulario,usuario006@lafortuna.com.co,Con cuanta anticipacion debo solicitar vacaciones,El usuario reporta la novedad desde el inicio de la jornada y requiere solucion para continuar con su labor.,cerrado,0
TK-00646,2026-04-01,,Aplicaciones,hardware,media,formulario web,usuario037@lafortuna.com.co,Necesito un monitor adicional para el puesto,El caso fue reportado por telefono y se registra para trazabilidad.,abierto,0
TK-00275,2025-11-09,,Talento Humano,compras,alta,formulario,usuario018@lafortuna.com.co,Como registro un proveedor nuevo,El usuario reporta la novedad desde el inicio de la jornada y requiere solucion para continuar con su labor.,reabierto,2
TK-01690,2026-02-27,,Comercial,software,baja,correo,usuario037@lafortuna.com.co,Aparece un mensaje de sesion expirada cada cinco minutos,El usuario reporta la novedad desde el inicio de la jornada y requiere solucion para continuar con su labor.,reabierto,3
TK-00740,2026-05-15,,Talento Humano,software,alta,formulario,usuario121@lafortuna.com.co,La aplicacion se cierra al generar el informe,Requerimiento remitido por la jefatura del area para gestion.,reabierto,3
TK-01904,2025-10-11,,Compras,conectividad,baja,formulario web,usuario085@lafortuna.com.co,Muy lenta la conexion en la bodega,,en_proceso,0
TK-01023,2025-03-18,,Talento Humano,nomina,alta,correo,usuario145@lafortuna.com.co,Solicito certificado laboral con salario,Requerimiento remitido por la jefatura del area para gestion.,en_proceso,0
TK-00025,2026-01-12,,Contabilidad,vacaciones,baja,telefono,usuario122@lafortuna.com.co,Puedo dividir mis vacaciones en dos periodos,Requerimiento remitido por la jefatura del area para gestion.,abierto,0
TK-01263,2025-08-14,2025-09-12,Compras,vacaciones,media,telefono,usuario027@lafortuna.com.co,Con cuanta anticipacion debo solicitar vacaciones,Requerimiento remitido por la jefatura del area para gestion.,cerrado,0
TK-00489,2026-06-10,,Calidad,accesos,critica,correo,usuario028@lafortuna.com.co,Me retiraron el acceso y aun trabajo en el proceso,Requerimiento remitido por la jefatura del area para gestion.,abierto,0
TK-01526,2026-02-08,,Compras,accesos,baja,telefono,usuario078@lafortuna.com.co,Necesito acceso a la carpeta compartida de mi area,El caso fue reportado por telefono y se registra para trazabilidad.,en_proceso,0
TK-00815,2025-08-11,2025-09-22,Comercial,red,media,telefono,usuario134@lafortuna.com.co,Sin internet en el segundo piso,,reabierto,2
TK-00585,2025-05-09,2025-06-10,Comercial,viaticos,alta,telefono,usuario052@lafortuna.com.co,No me han reembolsado los gastos del mes pasado,Se adjunta captura de pantalla del mensaje de error recibido.,cerrado,0
TK-00044,2025-10-28,,Calidad,vacaciones,alta,formulario,usuario146@lafortuna.com.co,Con cuanta anticipacion debo solicitar vacaciones,El solicitante indica que la novedad se presenta de forma intermitente desde hace tres dias.,abierto,0
TK-00722,2026-02-01,2026-02-17,Contabilidad,viaticos,media,telefono,usuario117@lafortuna.com.co,Necesito anticipo para comision,Se adjunta captura de pantalla del mensaje de error recibido.,cerrado,1
TK-00146,2025-07-30,,Aplicaciones,software,alta,telefono,usuario011@lafortuna.com.co,Error al guardar el formulario de ingreso,El solicitante indica que la novedad se presenta de forma intermitente desde hace tres dias.,reabierto,3
TK-00756,2025-10-05,2025-11-06,Operaciones,conectividad,alta,formulario,usuario164@lafortuna.com.co,Sin internet en el segundo piso,Se solicita atencion prioritaria porque afecta la operacion del area y el cierre del periodo.,cerrado,0
TK-00716,2025-12-29,,Contabilidad,accesos,alta,correo,usuario165@lafortuna.com.co,Solicito permiso al modulo de cartera,El usuario reporta la novedad desde el inicio de la jornada y requiere solucion para continuar con su labor.,en_proceso,0
TK-01430,2026-05-29,,Aplicaciones,hardware,media,correo,usuario176@lafortuna.com.co,La impresora de la sede norte imprime rayada,Se solicita atencion prioritaria porque afecta la operacion del area y el cierre del periodo.,abierto,0
TK-00762,2025-05-21,,Compras,software,baja,telefono,usuario069@lafortuna.com.co,Aparece un mensaje de sesion expirada cada cinco minutos,Se solicita atencion prioritaria porque afecta la operacion del area y el cierre del periodo.,escalado,0
TK-01916,2025-08-31,,Calidad,nomina,media,telefono,usuario160@lafortuna.com.co,Solicito certificado laboral con salario,,en_proceso,0
TK-01417,2025-08-13,,Contabilidad,accesos,critica,correo,usuario047@lafortuna.com.co,Solicito permiso al modulo de cartera,El usuario reporta la novedad desde el inicio de la jornada y requiere solucion para continuar con su labor.,abierto,0
TK-00749,2025-03-27,,Talento Humano,conectividad,alta,correo,usuario177@lafortuna.com.co,La VPN se desconecta cada media hora,Requerimiento remitido por la jefatura del area para gestion.,reabierto,1
TK-00558,2026-03-27,2026-05-04,Calidad,aplicaciones,media,telefono,usuario142@lafortuna.com.co,Aparece un mensaje de sesion expirada cada cinco minutos,,cerrado,0
TK-01753,2025-05-14,,Infraestructura,software,baja,formulario,usuario019@lafortuna.com.co,Necesito que instalen el visor de planos,,en_proceso,0
TK-00826,2026-01-22,,Comercial,software,media,formulario,usuario090@lafortuna.com.co,La aplicacion se cierra al generar el informe,Se solicita atencion prioritaria porque afecta la operacion del area y el cierre del periodo.,abierto,0
TK-00202,2025-09-28,,Comercial,otros,baja,formulario web,usuario003@lafortuna.com.co,Pendiente por definir,,en_proceso,0
TK-01803,2025-08-29,,Aplicaciones,gestion_de_accesos,alta,formulario,usuario028@lafortuna.com.co,Se bloqueo mi usuario tras varios intentos,El solicitante indica que la novedad se presenta de forma intermitente desde hace tres dias.,abierto,0
TK-00700,2025-10-17,2025-10-22,Comercial,viaticos,critica,formulario web,usuario145@lafortuna.com.co,No me han reembolsado los gastos del mes pasado,Requerimiento remitido por la jefatura del area para gestion.,cerrado,0
TK-00952,2025-06-01,,Talento Humano,aplicaciones,media,correo,usuario168@lafortuna.com.co,Aparece un mensaje de sesion expirada cada cinco minutos,Se adjunta captura de pantalla del mensaje de error recibido.,abierto,0
TK-00414,2025-10-21,2025-11-16,Compras,incidente,baja,telefono,usuario081@lafortuna.com.co,Los usuarios reportan lentitud generalizada,El caso fue reportado por telefono y se registra para trazabilidad.,cerrado,0
TK-00540,2025-03-26,,Comercial,otros,critica,formulario,usuario090@lafortuna.com.co,Pendiente por definir,Requerimiento remitido por la jefatura del area para gestion.,reabierto,3
TK-00734,2025-10-08,2025-11-22,Infraestructura,viaticos,critica,mesa de ayuda,usuario079@lafortuna.com.co,Necesito anticipo para comision,,cerrado,0
TK-01332,2025-04-03,,Calidad,hardware,critica,correo,usuario073@lafortuna.com.co,El teclado dejo de responder,Requerimiento remitido por la jefatura del area para gestion.,reabierto,2
TK-00156,2025-12-01,,Compras,conectividad,baja,telefono,usuario055@lafortuna.com.co,Muy lenta la conexion en la bodega,El usuario reporta la novedad desde el inicio de la jornada y requiere solucion para continuar con su labor.,en_proceso,0
TK-01415,2025-12-06,,Compras,vacaciones,media,formulario web,usuario046@lafortuna.com.co,Puedo dividir mis vacaciones en dos periodos,Se solicita atencion prioritaria porque afecta la operacion del area y el cierre del periodo.,en_proceso,0
TK-01638,2025-12-27,2026-01-16,Compras,vacaciones,alta,mesa de ayuda,usuario040@lafortuna.com.co,Me negaron las vacaciones solicitadas,,cerrado,0
TK-01751,2025-01-25,2025-02-14,Infraestructura,hardware,media,correo,usuario101@lafortuna.com.co,El teclado dejo de responder,El usuario reporta la novedad desde el inicio de la jornada y requiere solucion para continuar con su labor.,en_proceso,0
TK-00399,2025-05-16,2025-06-17,Infraestructura,hardware,alta,formulario web,usuario124@lafortuna.com.co,Solicito reposicion de diadema danada,Se adjunta captura de pantalla del mensaje de error recibido.,cerrado,0
TK-00603,2025-01-09,,Compras,conectividad,alta,formulario,usuario093@lafortuna.com.co,Sin internet en el segundo piso,El solicitante indica que la novedad se presenta de forma intermitente desde hace tres dias.,abierto,0
TK-00175,2025-04-02,2025-05-12,Contabilidad,reportes,baja,telefono,usuario125@lafortuna.com.co,Necesito el reporte de ventas del trimestre,El usuario reporta la novedad desde el inicio de la jornada y requiere solucion para continuar con su labor.,cerrado,0
TK-00552,2025-06-11,,Calidad,aplicaciones,media,mesa de ayuda,usuario167@lafortuna.com.co,La aplicacion se cierra al generar el informe,El usuario reporta la novedad desde el inicio de la jornada y requiere solucion para continuar con su labor.,abierto,0
TK-01471,2025-04-06,2025-05-13,Compras,hardware,alta,formulario web,usuario134@lafortuna.com.co,El portatil no enciende desde ayer,El usuario reporta la novedad desde el inicio de la jornada y requiere solucion para continuar con su labor.,cerrado,0
TK-01712,2025-05-22,2025-06-28,Operaciones,hardware,critica,telefono,usuario139@lafortuna.com.co,El teclado dejo de responder,Se solicita atencion prioritaria porque afecta la operacion del area y el cierre del periodo.,cerrado,0
TK-01296,2026-04-15,,Aplicaciones,aplicaciones,baja,correo,usuario086@lafortuna.com.co,Aparece un mensaje de sesion expirada cada cinco minutos,,reabierto,3
TK-00217,2026-05-09,2026-06-15,Operaciones,reportes,media,telefono,usuario047@lafortuna.com.co,El informe muestra cifras distintas al sistema,Se adjunta captura de pantalla del mensaje de error recibido.,en_proceso,0
TK-00662,2025-01-27,,Aplicaciones,hardware,alta,telefono,usuario103@lafortuna.com.co,El teclado dejo de responder,El usuario reporta la novedad desde el inicio de la jornada y requiere solucion para continuar con su labor.,reabierto,3
TK-00801,2026-06-14,,Aplicaciones,software,baja,formulario web,usuario100@lafortuna.com.co,La version instalada no coincide con la del area,El usuario reporta la novedad desde el inicio de la jornada y requiere solucion para continuar con su labor.,reabierto,3
TK-01576,2025-03-07,,Calidad,compras,baja,correo,usuario162@lafortuna.com.co,El proveedor no ha entregado lo solicitado,Se adjunta captura de pantalla del mensaje de error recibido.,reabierto,1
TK-01600,2025-05-12,,Compras,reportes,critica,telefono,usuario174@lafortuna.com.co,El reporte no incluye la sede nueva,Requerimiento remitido por la jefatura del area para gestion.,reabierto,1
TK-01715,2025-12-26,,Aplicaciones,accesos,baja,telefono,usuario121@lafortuna.com.co,No puedo entrar al sistema Centrica,,en_proceso,0
TK-01914,2026-06-23,,Compras,aplicaciones,critica,telefono,usuario105@lafortuna.com.co,Necesito que instalen el visor de planos,Se solicita atencion prioritaria porque afecta la operacion del area y el cierre del periodo.,escalado,0
TK-00644,2025-03-20,,Aplicaciones,red,alta,telefono,usuario172@lafortuna.com.co,Muy lenta la conexion en la bodega,Requerimiento remitido por la jefatura del area para gestion.,reabierto,0
TK-00232,2025-01-29,,Calidad,otros,alta,telefono,usuario087@lafortuna.com.co,Solicitud varias,Se solicita atencion prioritaria porque afecta la operacion del area y el cierre del periodo.,en_proceso,0
TK-01391,2025-07-16,,Compras,viaticos,alta,mesa de ayuda,usuario039@lafortuna.com.co,No me han reembolsado los gastos del mes pasado,,escalado,0
TK-01192,2025-04-04,,Compras,hardware,alta,correo,usuario020@lafortuna.com.co,El teclado dejo de responder,,reabierto,0
TK-00157,2025-02-26,,Contabilidad,sin_clasificar,baja,telefono,usuario040@lafortuna.com.co,Solicitud varias,Se adjunta captura de pantalla del mensaje de error recibido.,escalado,0
TK-00113,2025-09-24,,Compras,software,media,correo,usuario098@lafortuna.com.co,Aparece un mensaje de sesion expirada cada cinco minutos,El solicitante indica que la novedad se presenta de forma intermitente desde hace tres dias.,en_proceso,0
TK-01532,2025-12-07,2025-12-17,Talento Humano,aplicaciones,media,formulario web,usuario019@lafortuna.com.co,La version instalada no coincide con la del area,El caso fue reportado por telefono y se registra para trazabilidad.,cerrado,0
TK-01356,2025-02-03,,Compras,compras,baja,mesa de ayuda,usuario128@lafortuna.com.co,El proveedor no ha entregado lo solicitado,El caso fue reportado por telefono y se registra para trazabilidad.,reabierto,2
TK-00691,2026-03-24,,Talento Humano,hardware,baja,formulario web,usuario022@lafortuna.com.co,Solicito reposicion de diadema danada,El caso fue reportado por telefono y se registra para trazabilidad.,en_proceso,0
TK-00040,2025-01-31,,Compras,viaticos,baja,telefono,usuario054@lafortuna.com.co,Necesito anticipo para comision,El solicitante indica que la novedad se presenta de forma intermitente desde hace tres dias.,escalado,0
TK-00444,2026-05-23,,Aplicaciones,hardware,alta,mesa de ayuda,usuario028@lafortuna.com.co,La impresora de la sede norte imprime rayada,El solicitante indica que la novedad se presenta de forma intermitente desde hace tres dias.,en_proceso,0
TK-00216,2025-01-20,,Talento Humano,hardware,media,formulario,usuario056@lafortuna.com.co,El teclado dejo de responder,El caso fue reportado por telefono y se registra para trazabilidad.,en_proceso,0
TK-00931,2026-06-20,,Contabilidad,hardware,baja,correo,usuario167@lafortuna.com.co,El portatil no enciende desde ayer,Se solicita atencion prioritaria porque afecta la operacion del area y el cierre del periodo.,abierto,0
TK-01857,2025-07-29,,Aplicaciones,compras,critica,telefono,usuario162@lafortuna.com.co,Estado de la orden de compra 4471,Se adjunta captura de pantalla del mensaje de error recibido.,reabierto,1
TK-00666,2025-04-09,,Infraestructura,incidente,alta,correo,usuario156@lafortuna.com.co,Caida total del sistema en la sede principal,El usuario reporta la novedad desde el inicio de la jornada y requiere solucion para continuar con su labor.,escalado,0
TK-01163,2026-01-04,,Infraestructura,accesos,media,telefono,usuario035@lafortuna.com.co,Se bloqueo mi usuario tras varios intentos,El usuario reporta la novedad desde el inicio de la jornada y requiere solucion para continuar con su labor.,en_proceso,0
TK-00621,2025-01-18,2025-01-20,Operaciones,incidente,baja,telefono,usuario074@lafortuna.com.co,Se cayo el servicio de facturacion,Requerimiento remitido por la jefatura del area para gestion.,reabierto,1
TK-00071,2026-05-12,2026-06-01,Infraestructura,vacaciones,alta,correo,usuario143@lafortuna.com.co,Puedo dividir mis vacaciones en dos periodos,Se adjunta captura de pantalla del mensaje de error recibido.,cerrado,0
TK-00784,2025-10-15,,Contabilidad,hardware,media,formulario,usuario118@lafortuna.com.co,El portatil no enciende desde ayer,El usuario reporta la novedad desde el inicio de la jornada y requiere solucion para continuar con su labor.,en_proceso,0
TK-01772,2025-03-17,,Infraestructura,nomina,critica,formulario web,usuario009@lafortuna.com.co,No me llego el desprendible de pago,Se solicita atencion prioritaria porque afecta la operacion del area y el cierre del periodo.,abierto,0
TK-00367,2026-03-04,,Contabilidad,capacitacion,alta,formulario,usuario050@lafortuna.com.co,Solicito capacitacion en el modulo nuevo,El caso fue reportado por telefono y se registra para trazabilidad.,reabierto,0
TK-01482,2026-03-15,,Talento Humano,aplicaciones,baja,correo,usuario147@lafortuna.com.co,La aplicacion se cierra al generar el informe,El usuario reporta la novedad desde el inicio de la jornada y requiere solucion para continuar con su labor.,reabierto,2
TK-01281,2026-06-02,2026-06-15,Calidad,software,baja,formulario web,usuario057@lafortuna.com.co,Necesito que instalen el visor de planos,Se adjunta captura de pantalla del mensaje de error recibido.,cerrado,0
TK-00766,2025-10-13,,Aplicaciones,conectividad,media,mesa de ayuda,usuario071@lafortuna.com.co,No carga el sistema desde la sede sur,Requerimiento remitido por la jefatura del area para gestion.,abierto,0
TK-01111,2025-12-31,2026-01-11,Aplicaciones,reportes,media,correo,usuario029@lafortuna.com.co,Solicito exportar el listado a Excel,El caso fue reportado por telefono y se registra para trazabilidad.,reabierto,1
TK-00039,2026-05-31,,Aplicaciones,otros,alta,telefono,usuario158@lafortuna.com.co,Solicitud varias,Se adjunta captura de pantalla del mensaje de error recibido.,en_proceso,0
TK-00302,2025-10-03,,Compras,viaticos,alta,correo,usuario159@lafortuna.com.co,No me han reembolsado los gastos del mes pasado,El caso fue reportado por telefono y se registra para trazabilidad.,en_proceso,0
TK-00946,2025-08-10,,Comercial,conectividad,critica,formulario web,usuario073@lafortuna.com.co,La VPN se desconecta cada media hora,El usuario reporta la novedad desde el inicio de la jornada y requiere solucion para continuar con su labor.,abierto,0
TK-01022,2025-04-10,,Compras,viaticos,alta,correo,usuario112@lafortuna.com.co,Cual es el monto autorizado para hospedaje,,reabierto,3
TK-00868,2025-11-28,,Calidad,reportes,baja,telefono,usuario074@lafortuna.com.co,El informe muestra cifras distintas al sistema,,reabierto,1
TK-00737,2026-06-07,2026-06-29,Comercial,incidente,alta,mesa de ayuda,usuario054@lafortuna.com.co,Caida total del sistema en la sede principal,El usuario reporta la novedad desde el inicio de la jornada y requiere solucion para continuar con su labor.,cerrado,0
TK-00893,2025-12-05,,Operaciones,software,alta,correo,usuario155@lafortuna.com.co,Necesito que instalen el visor de planos,El solicitante indica que la novedad se presenta de forma intermitente desde hace tres dias.,en_proceso,0
TK-01523,2025-03-28,,Operaciones,software,media,mesa de ayuda,usuario085@lafortuna.com.co,La version instalada no coincide con la del area,Requerimiento remitido por la jefatura del area para gestion.,reabierto,3
TK-00536,2026-05-28,,Comercial,conectividad,alta,mesa de ayuda,usuario101@lafortuna.com.co,Muy lenta la conexion en la bodega,Se adjunta captura de pantalla del mensaje de error recibido.,abierto,0
TK-01259,2025-05-30,2025-07-03,Infraestructura,hardware,baja,telefono,usuario162@lafortuna.com.co,Solicito reposicion de diadema danada,El solicitante indica que la novedad se presenta de forma intermitente desde hace tres dias.,cerrado,0
TK-01205,2025-11-21,,Operaciones,gestion_de_accesos,alta,formulario web,usuario034@lafortuna.com.co,Me retiraron el acceso y aun trabajo en el proceso,Se solicita atencion prioritaria porque afecta la operacion del area y el cierre del periodo.,abierto,0
TK-01616,2026-06-22,,Contabilidad,incidente,alta,mesa de ayuda,usuario031@lafortuna.com.co,Perdida de informacion en el modulo de inventario,Se adjunta captura de pantalla del mensaje de error recibido.,en_proceso,0
TK-01852,2025-05-06,2025-06-11,Contabilidad,accesos,baja,telefono,usuario061@lafortuna.com.co,Necesito acceso a la carpeta compartida de mi area,Requerimiento remitido por la jefatura del area para gestion.,cerrado,0
TK-00138,2025-11-22,,Operaciones,vacaciones,media,formulario web,usuario097@lafortuna.com.co,Puedo dividir mis vacaciones en dos periodos,El caso fue reportado por telefono y se registra para trazabilidad.,escalado,0
TK-00327,2025-03-01,2025-04-05,Calidad,aplicaciones,alta,formulario,usuario170@lafortuna.com.co,Error al guardar el formulario de ingreso,El caso fue reportado por telefono y se registra para trazabilidad.,cerrado,0
TK-01002,2025-11-25,2025-12-02,Comercial,conectividad,media,formulario,usuario021@lafortuna.com.co,Sin internet en el segundo piso,Se adjunta captura de pantalla del mensaje de error recibido.,cerrado,1
TK-01108,2025-11-02,2025-11-28,Infraestructura,nomina,media,telefono,usuario082@lafortuna.com.co,Diferencia en el pago de horas extras,El usuario reporta la novedad desde el inicio de la jornada y requiere solucion para continuar con su labor.,cerrado,1
TK-01445,2026-04-26,2026-05-13,Contabilidad,red,baja,telefono,usuario143@lafortuna.com.co,La VPN se desconecta cada media hora,Se solicita atencion prioritaria porque afecta la operacion del area y el cierre del periodo.,cerrado,0
TK-00393,2025-02-15,,Talento Humano,sin_clasificar,media,formulario web,usuario027@lafortuna.com.co,Consulta general,Requerimiento remitido por la jefatura del area para gestion.,abierto,0
TK-00259,2025-10-16,,Calidad,viaticos,baja,mesa de ayuda,usuario003@lafortuna.com.co,Como legalizo los viaticos del viaje a la costa,,reabierto,2
TK-01237,2026-03-23,2026-04-04,Aplicaciones,incidente,critica,formulario web,usuario121@lafortuna.com.co,Se cayo el servicio de facturacion,,cerrado,0
TK-01007,2025-05-15,2025-06-11,Infraestructura,accesos,media,correo,usuario090@lafortuna.com.co,No puedo entrar al sistema Centrica,El caso fue reportado por telefono y se registra para trazabilidad.,cerrado,0
TK-00911,2026-03-22,,Talento Humano,gestion_de_accesos,alta,formulario,usuario145@lafortuna.com.co,Se bloqueo mi usuario tras varios intentos,Se solicita atencion prioritaria porque afecta la operacion del area y el cierre del periodo.,reabierto,1
TK-00488,2025-10-13,,Comercial,incidente,critica,formulario,usuario148@lafortuna.com.co,Perdida de informacion en el modulo de inventario,Requerimiento remitido por la jefatura del area para gestion.,reabierto,2
TK-00296,2025-01-20,,Operaciones,gestion_de_accesos,media,mesa de ayuda,usuario082@lafortuna.com.co,Necesito acceso a la carpeta compartida de mi area,Se adjunta captura de pantalla del mensaje de error recibido.,reabierto,2
TK-01580,2025-09-23,,Contabilidad,accesos,critica,correo,usuario054@lafortuna.com.co,Me retiraron el acceso y aun trabajo en el proceso,El usuario reporta la novedad desde el inicio de la jornada y requiere solucion para continuar con su labor.,abierto,0
TK-01744,2025-09-23,,Aplicaciones,reportes,alta,telefono,usuario128@lafortuna.com.co,Necesito el reporte de ventas del trimestre,El usuario reporta la novedad desde el inicio de la jornada y requiere solucion para continuar con su labor.,abierto,0
TK-00274,2025-07-16,,Infraestructura,aplicaciones,media,telefono,usuario055@lafortuna.com.co,Aparece un mensaje de sesion expirada cada cinco minutos,El caso fue reportado por telefono y se registra para trazabilidad.,abierto,0
TK-01344,2025-03-04,2025-03-09,Infraestructura,accesos,baja,telefono,usuario029@lafortuna.com.co,Solicito permiso al modulo de cartera,El caso fue reportado por telefono y se registra para trazabilidad.,cerrado,0
TK-00381,2026-04-06,2026-04-19,Aplicaciones,vacaciones,media,telefono,usuario152@lafortuna.com.co,Puedo dividir mis vacaciones en dos periodos,El usuario reporta la novedad desde el inicio de la jornada y requiere solucion para continuar con su labor.,cerrado,0
TK-00570,2025-02-11,,Infraestructura,viaticos,critica,correo,usuario098@lafortuna.com.co,Necesito anticipo para comision,El usuario reporta la novedad desde el inicio de la jornada y requiere solucion para continuar con su labor.,abierto,0
TK-00817,2025-12-25,2026-01-22,Talento Humano,viaticos,media,correo,usuario006@lafortuna.com.co,Cual es el monto autorizado para hospedaje,El caso fue reportado por telefono y se registra para trazabilidad.,cerrado,0
TK-00702,2025-05-17,2025-06-25,Calidad,nomina,baja,formulario web,usuario005@lafortuna.com.co,Solicito certificado laboral con salario,Se adjunta captura de pantalla del mensaje de error recibido.,reabierto,1
TK-00445,2025-10-01,2025-10-13,Compras,aplicaciones,critica,formulario,usuario122@lafortuna.com.co,Aparece un mensaje de sesion expirada cada cinco minutos,Requerimiento remitido por la jefatura del area para gestion.,cerrado,1
TK-00099,2026-03-06,,Comercial,software,alta,mesa de ayuda,usuario109@lafortuna.com.co,La version instalada no coincide con la del area,El caso fue reportado por telefono y se registra para trazabilidad.,escalado,0
TK-01216,2026-06-17,,Operaciones,accesos,media,formulario web,usuario171@lafortuna.com.co,Se bloqueo mi usuario tras varios intentos,Requerimiento remitido por la jefatura del area para gestion.,abierto,0
TK-00086,2025-11-29,,Comercial,accesos,alta,telefono,usuario048@lafortuna.com.co,Se bloqueo mi usuario tras varios intentos,Requerimiento remitido por la jefatura del area para gestion.,abierto,0
TK-01555,2025-12-01,,Talento Humano,nomina,media,mesa de ayuda,usuario003@lafortuna.com.co,Error en el descuento de la quincena,Requerimiento remitido por la jefatura del area para gestion.,abierto,0
TK-01868,2026-02-13,,Compras,compras,alta,correo,usuario022@lafortuna.com.co,Necesito cotizacion para equipos de la bodega,Se adjunta captura de pantalla del mensaje de error recibido.,en_proceso,0
TK-00908,2025-04-25,2025-05-22,Contabilidad,capacitacion,alta,correo,usuario037@lafortuna.com.co,Cuando es la proxima induccion,El caso fue reportado por telefono y se registra para trazabilidad.,cerrado,0
TK-01802,2026-04-14,,Comercial,software,critica,mesa de ayuda,usuario033@lafortuna.com.co,Error al guardar el formulario de ingreso,Se adjunta captura de pantalla del mensaje de error recibido.,reabierto,1
TK-00012,2026-02-27,2026-03-13,Operaciones,compras,media,mesa de ayuda,usuario156@lafortuna.com.co,Estado de la orden de compra 4471,El caso fue reportado por telefono y se registra para trazabilidad.,reabierto,2
TK-00974,2025-08-28,,Talento Humano,hardware,media,correo,usuario103@lafortuna.com.co,El teclado dejo de responder,Se adjunta captura de pantalla del mensaje de error recibido.,reabierto,2
TK-01558,2025-04-06,2025-04-19,Comercial,software,baja,mesa de ayuda,usuario015@lafortuna.com.co,Error al guardar el formulario de ingreso,El caso fue reportado por telefono y se registra para trazabilidad.,cerrado,0
TK-00129,2025-03-02,,Operaciones,reportes,media,telefono,usuario019@lafortuna.com.co,El reporte no incluye la sede nueva,Se adjunta captura de pantalla del mensaje de error recibido.,escalado,0
TK-00733,2025-11-08,2025-11-23,Comercial,otros,baja,correo,usuario033@lafortuna.com.co,Solicitud varias,,reabierto,2
TK-00704,2025-10-06,,Talento Humano,compras,alta,correo,usuario114@lafortuna.com.co,El proveedor no ha entregado lo solicitado,Se solicita atencion prioritaria porque afecta la operacion del area y el cierre del periodo.,abierto,0
TK-01612,2025-04-06,,Calidad,reportes,alta,telefono,usuario035@lafortuna.com.co,Necesito el reporte de ventas del trimestre,Se solicita atencion prioritaria porque afecta la operacion del area y el cierre del periodo.,abierto,0
TK-00056,2025-01-20,,Comercial,gestion_de_accesos,alta,telefono,usuario064@lafortuna.com.co,Se bloqueo mi usuario tras varios intentos,El usuario reporta la novedad desde el inicio de la jornada y requiere solucion para continuar con su labor.,abierto,0
TK-00778,2026-01-19,,Comercial,compras,alta,telefono,usuario056@lafortuna.com.co,Estado de la orden de compra 4471,Se solicita atencion prioritaria porque afecta la operacion del area y el cierre del periodo.,reabierto,1
TK-01953,2025-07-24,,Operaciones,accesos,alta,correo,usuario178@lafortuna.com.co,Me retiraron el acceso y aun trabajo en el proceso,Se adjunta captura de pantalla del mensaje de error recibido.,reabierto,1
TK-01172,2025-07-28,2025-09-02,Aplicaciones,red,baja,telefono,usuario080@lafortuna.com.co,Sin internet en el segundo piso,El usuario reporta la novedad desde el inicio de la jornada y requiere solucion para continuar con su labor.,reabierto,1
TK-00997,2026-04-03,,Contabilidad,accesos,media,mesa de ayuda,usuario017@lafortuna.com.co,Me retiraron el acceso y aun trabajo en el proceso,El caso fue reportado por telefono y se registra para trazabilidad.,reabierto,1
TK-01650,2026-06-29,,Calidad,red,baja,formulario web,usuario117@lafortuna.com.co,Sin internet en el segundo piso,El caso fue reportado por telefono y se registra para trazabilidad.,abierto,0
TK-01235,2025-09-25,2025-10-24,Contabilidad,hardware,media,correo,usuario059@lafortuna.com.co,El teclado dejo de responder,Requerimiento remitido por la jefatura del area para gestion.,cerrado,0
TK-01800,2026-01-31,,Infraestructura,software,alta,telefono,usuario043@lafortuna.com.co,Aparece un mensaje de sesion expirada cada cinco minutos,Se adjunta captura de pantalla del mensaje de error recibido.,reabierto,1
TK-01535,2025-01-12,,Contabilidad,software,baja,correo,usuario016@lafortuna.com.co,Aparece un mensaje de sesion expirada cada cinco minutos,Requerimiento remitido por la jefatura del area para gestion.,reabierto,2
TK-00187,2025-01-20,2025-02-04,Aplicaciones,gestion_de_accesos,alta,correo,usuario107@lafortuna.com.co,Me retiraron el acceso y aun trabajo en el proceso,El caso fue reportado por telefono y se registra para trazabilidad.,cerrado,0
TK-00655,2025-07-27,,Operaciones,red,critica,telefono,usuario124@lafortuna.com.co,Muy lenta la conexion en la bodega,El solicitante indica que la novedad se presenta de forma intermitente desde hace tres dias.,abierto,0
TK-01086,2025-04-24,,Calidad,aplicaciones,media,mesa de ayuda,usuario171@lafortuna.com.co,La aplicacion se cierra al generar el informe,El caso fue reportado por telefono y se registra para trazabilidad.,en_proceso,0
TK-00674,2025-01-10,,Compras,hardware,critica,formulario web,usuario123@lafortuna.com.co,El portatil no enciende desde ayer,Se solicita atencion prioritaria porque afecta la operacion del area y el cierre del periodo.,escalado,0
TK-01594,2025-02-23,2025-03-02,Infraestructura,hardware,alta,telefono,usuario034@lafortuna.com.co,La impresora de la sede norte imprime rayada,El caso fue reportado por telefono y se registra para trazabilidad.,cerrado,0
TK-01377,2025-03-25,2025-04-04,Calidad,incidente,media,formulario web,usuario003@lafortuna.com.co,Se cayo el servicio de facturacion,,reabierto,1
TK-00688,2026-06-20,2026-07-14,Calidad,gestion_de_accesos,alta,formulario web,usuario139@lafortuna.com.co,Solicito permiso al modulo de cartera,El usuario reporta la novedad desde el inicio de la jornada y requiere solucion para continuar con su labor.,en_proceso,0
TK-01231,2026-02-26,,Infraestructura,vacaciones,baja,telefono,usuario023@lafortuna.com.co,Con cuanta anticipacion debo solicitar vacaciones,Requerimiento remitido por la jefatura del area para gestion.,reabierto,2
TK-01442,2026-05-30,,Talento Humano,software,critica,correo,usuario178@lafortuna.com.co,Necesito que instalen el visor de planos,El caso fue reportado por telefono y se registra para trazabilidad.,escalado,0
TK-00333,2025-03-23,2025-04-29,Compras,accesos,media,formulario web,usuario005@lafortuna.com.co,No puedo entrar al sistema Centrica,,en_proceso,0
TK-01006,2025-04-29,,Operaciones,sin_clasificar,baja,correo,usuario093@lafortuna.com.co,Requerimiento del area,El caso fue reportado por telefono y se registra para trazabilidad.,escalado,0
TK-01602,2025-04-13,2025-05-03,Operaciones,accesos,media,mesa de ayuda,usuario110@lafortuna.com.co,Se bloqueo mi usuario tras varios intentos,El caso fue reportado por telefono y se registra para trazabilidad.,cerrado,0
TK-00033,2026-01-30,,Aplicaciones,incidente,media,correo,usuario043@lafortuna.com.co,Perdida de informacion en el modulo de inventario,Se adjunta captura de pantalla del mensaje de error recibido.,abierto,0
TK-00265,2026-03-27,,Comercial,vacaciones,critica,telefono,usuario166@lafortuna.com.co,Cuantos dias tengo acumulados,,escalado,0
TK-01582,2026-06-15,2026-06-19,Comercial,accesos,critica,telefono,usuario055@lafortuna.com.co,No puedo entrar al sistema Centrica,El solicitante indica que la novedad se presenta de forma intermitente desde hace tres dias.,cerrado,0
TK-01705,2025-07-21,,Calidad,gestion_de_accesos,media,formulario,usuario113@lafortuna.com.co,No puedo entrar al sistema Centrica,El solicitante indica que la novedad se presenta de forma intermitente desde hace tres dias.,reabierto,3
TK-01106,2025-02-19,,Aplicaciones,vacaciones,alta,correo,usuario169@lafortuna.com.co,Cuantos dias tengo acumulados,Requerimiento remitido por la jefatura del area para gestion.,abierto,0
TK-01103,2025-01-17,,Aplicaciones,hardware,media,correo,usuario083@lafortuna.com.co,Necesito un monitor adicional para el puesto,Se solicita atencion prioritaria porque afecta la operacion del area y el cierre del periodo.,en_proceso,0
TK-01207,2025-09-09,,Infraestructura,vacaciones,media,formulario,usuario152@lafortuna.com.co,Puedo dividir mis vacaciones en dos periodos,Se adjunta captura de pantalla del mensaje de error recibido.,reabierto,2
TK-01692,2025-10-02,,Operaciones,sin_clasificar,alta,formulario,usuario075@lafortuna.com.co,Consulta general,El caso fue reportado por telefono y se registra para trazabilidad.,reabierto,1
TK-01756,2025-01-19,,Aplicaciones,vacaciones,media,correo,usuario108@lafortuna.com.co,Me negaron las vacaciones solicitadas,El solicitante indica que la novedad se presenta de forma intermitente desde hace tres dias.,reabierto,3
TK-00342,2026-03-09,2026-03-31,Aplicaciones,nomina,critica,mesa de ayuda,usuario018@lafortuna.com.co,No me llego el desprendible de pago,Requerimiento remitido por la jefatura del area para gestion.,cerrado,0
TK-00690,2026-04-18,,Operaciones,hardware,media,telefono,usuario082@lafortuna.com.co,La impresora de la sede norte imprime rayada,Se solicita atencion prioritaria porque afecta la operacion del area y el cierre del periodo.,reabierto,1
TK-00671,2025-08-30,2025-09-15,Contabilidad,viaticos,baja,mesa de ayuda,usuario106@lafortuna.com.co,No me han reembolsado los gastos del mes pasado,El usuario reporta la novedad desde el inicio de la jornada y requiere solucion para continuar con su labor.,cerrado,0
TK-00114,2025-06-24,,Compras,hardware,alta,telefono,usuario177@lafortuna.com.co,Necesito un monitor adicional para el puesto,El solicitante indica que la novedad se presenta de forma intermitente desde hace tres dias.,reabierto,3
TK-00460,2026-01-02,2026-01-11,Contabilidad,sin_clasificar,critica,mesa de ayuda,usuario161@lafortuna.com.co,Pendiente por definir,,cerrado,0
TK-01212,2025-06-12,,Calidad,software,media,correo,usuario045@lafortuna.com.co,Necesito que instalen el visor de planos,El usuario reporta la novedad desde el inicio de la jornada y requiere solucion para continuar con su labor.,en_proceso,0
TK-00111,2025-08-26,,Contabilidad,vacaciones,media,formulario,usuario093@lafortuna.com.co,Con cuanta anticipacion debo solicitar vacaciones,Se adjunta captura de pantalla del mensaje de error recibido.,en_proceso,0
TK-00935,2026-04-26,,Aplicaciones,red,critica,mesa de ayuda,usuario047@lafortuna.com.co,Sin internet en el segundo piso,,en_proceso,0
TK-01917,2025-06-28,2025-06-28,Aplicaciones,incidente,critica,formulario,usuario001@lafortuna.com.co,Se cayo el servicio de facturacion,,cerrado,0
TK-00745,2025-07-29,,Calidad,vacaciones,baja,telefono,usuario017@lafortuna.com.co,Con cuanta anticipacion debo solicitar vacaciones,Se adjunta captura de pantalla del mensaje de error recibido.,escalado,0
TK-00220,2025-10-20,2025-11-10,Operaciones,reportes,critica,formulario,usuario148@lafortuna.com.co,Necesito el reporte de ventas del trimestre,El solicitante indica que la novedad se presenta de forma intermitente desde hace tres dias.,cerrado,1
TK-01656,2025-11-10,2025-12-20,Contabilidad,gestion_de_accesos,critica,formulario,usuario117@lafortuna.com.co,Solicito permiso al modulo de cartera,Se solicita atencion prioritaria porque afecta la operacion del area y el cierre del periodo.,cerrado,0
TK-00409,2025-11-27,,Compras,reportes,alta,mesa de ayuda,usuario043@lafortuna.com.co,Necesito el reporte de ventas del trimestre,Se adjunta captura de pantalla del mensaje de error recibido.,en_proceso,0
TK-00426,2025-06-11,2025-07-02,Compras,incidente,alta,correo,usuario124@lafortuna.com.co,Los usuarios reportan lentitud generalizada,,cerrado,1
TK-01123,2025-12-08,,Contabilidad,incidente,alta,formulario,usuario081@lafortuna.com.co,Caida total del sistema en la sede principal,Se solicita atencion prioritaria porque afecta la operacion del area y el cierre del periodo.,en_proceso,0
TK-00315,2025-05-23,,Infraestructura,aplicaciones,baja,correo,usuario017@lafortuna.com.co,La version instalada no coincide con la del area,,reabierto,1
TK-01952,2026-04-02,,Comercial,reportes,critica,telefono,usuario077@lafortuna.com.co,Solicito exportar el listado a Excel,El caso fue reportado por telefono y se registra para trazabilidad.,reabierto,1
TK-01217,2025-02-11,,Talento Humano,otros,media,formulario web,usuario049@lafortuna.com.co,Requerimiento del area,El solicitante indica que la novedad se presenta de forma intermitente desde hace tres dias.,abierto,0
TK-01731,2025-02-20,,Calidad,aplicaciones,alta,correo,usuario131@lafortuna.com.co,La aplicacion se cierra al generar el informe,El solicitante indica que la novedad se presenta de forma intermitente desde hace tres dias.,en_proceso,0
TK-01184,2025-11-22,,Operaciones,hardware,critica,telefono,usuario026@lafortuna.com.co,El portatil no enciende desde ayer,El solicitante indica que la novedad se presenta de forma intermitente desde hace tres dias.,reabierto,2
TK-00067,2025-03-05,2025-03-16,Calidad,otros,alta,telefono,usuario093@lafortuna.com.co,Pendiente por definir,El usuario reporta la novedad desde el inicio de la jornada y requiere solucion para continuar con su labor.,cerrado,0
TK-01839,2025-01-17,,Infraestructura,reportes,critica,formulario,usuario128@lafortuna.com.co,Necesito el reporte de ventas del trimestre,Se solicita atencion prioritaria porque afecta la operacion del area y el cierre del periodo.,abierto,0
TK-00467,2025-02-14,2025-03-17,Infraestructura,aplicaciones,media,correo,usuario019@lafortuna.com.co,Aparece un mensaje de sesion expirada cada cinco minutos,Requerimiento remitido por la jefatura del area para gestion.,escalado,0
TK-01419,2025-04-13,,Contabilidad,otros,baja,correo,usuario103@lafortuna.com.co,Requerimiento del area,El solicitante indica que la novedad se presenta de forma intermitente desde hace tres dias.,en_proceso,0
TK-01397,2025-06-20,2025-07-15,Operaciones,aplicaciones,alta,telefono,usuario032@lafortuna.com.co,Necesito que instalen el visor de planos,Requerimiento remitido por la jefatura del area para gestion.,cerrado,0
TK-01245,2025-09-10,,Contabilidad,aplicaciones,alta,telefono,usuario038@lafortuna.com.co,Aparece un mensaje de sesion expirada cada cinco minutos,,escalado,0
TK-01696,2025-07-11,2025-07-20,Contabilidad,hardware,critica,correo,usuario057@lafortuna.com.co,Necesito un monitor adicional para el puesto,El caso fue reportado por telefono y se registra para trazabilidad.,reabierto,1
TK-00866,2025-05-08,,Talento Humano,aplicaciones,baja,formulario,usuario057@lafortuna.com.co,La aplicacion se cierra al generar el informe,,reabierto,3
TK-01534,2026-04-26,,Operaciones,accesos,critica,correo,usuario138@lafortuna.com.co,Solicito permiso al modulo de cartera,El caso fue reportado por telefono y se registra para trazabilidad.,reabierto,3
TK-01302,2025-03-03,2025-03-26,Operaciones,hardware,media,formulario web,usuario014@lafortuna.com.co,Solicito reposicion de diadema danada,Requerimiento remitido por la jefatura del area para gestion.,reabierto,1
TK-00118,2026-05-17,2026-05-29,Talento Humano,hardware,media,telefono,usuario143@lafortuna.com.co,El portatil no enciende desde ayer,El caso fue reportado por telefono y se registra para trazabilidad.,cerrado,0
TK-01311,2026-01-28,,Aplicaciones,software,media,correo,usuario036@lafortuna.com.co,Error al guardar el formulario de ingreso,,abierto,0
TK-01194,2025-04-02,,Talento Humano,nomina,alta,formulario web,usuario011@lafortuna.com.co,Diferencia en el pago de horas extras,El caso fue reportado por telefono y se registra para trazabilidad.,en_proceso,0
TK-01277,2025-04-10,,Calidad,incidente,critica,formulario,usuario125@lafortuna.com.co,Perdida de informacion en el modulo de inventario,Se adjunta captura de pantalla del mensaje de error recibido.,en_proceso,0
TK-00553,2025-10-18,,Talento Humano,conectividad,alta,telefono,usuario037@lafortuna.com.co,Muy lenta la conexion en la bodega,Requerimiento remitido por la jefatura del area para gestion.,en_proceso,0
TK-00699,2025-01-25,,Operaciones,aplicaciones,baja,correo,usuario126@lafortuna.com.co,Error al guardar el formulario de ingreso,,abierto,0
TK-00629,2025-04-13,,Calidad,gestion_de_accesos,media,formulario,usuario160@lafortuna.com.co,Necesito acceso a la carpeta compartida de mi area,Se solicita atencion prioritaria porque afecta la operacion del area y el cierre del periodo.,escalado,0
TK-00474,2025-06-10,,Comercial,otros,media,correo,usuario083@lafortuna.com.co,Solicitud varias,El usuario reporta la novedad desde el inicio de la jornada y requiere solucion para continuar con su labor.,abierto,0
TK-00341,2025-12-06,2025-12-17,Aplicaciones,otros,baja,correo,usuario001@lafortuna.com.co,Consulta general,Se adjunta captura de pantalla del mensaje de error recibido.,cerrado,0
TK-00917,2026-06-03,2026-06-14,Aplicaciones,viaticos,baja,mesa de ayuda,usuario054@lafortuna.com.co,No me han reembolsado los gastos del mes pasado,El usuario reporta la novedad desde el inicio de la jornada y requiere solucion para continuar con su labor.,cerrado,0
TK-00151,2025-12-21,,Calidad,hardware,media,formulario web,usuario146@lafortuna.com.co,Solicito reposicion de diadema danada,Se adjunta captura de pantalla del mensaje de error recibido.,reabierto,1
TK-01101,2026-01-09,2026-02-13,Operaciones,vacaciones,alta,formulario,usuario030@lafortuna.com.co,Me negaron las vacaciones solicitadas,Se solicita atencion prioritaria porque afecta la operacion del area y el cierre del periodo.,reabierto,3
TK-01518,2025-05-02,,Talento Humano,accesos,media,correo,usuario062@lafortuna.com.co,Me retiraron el acceso y aun trabajo en el proceso,Requerimiento remitido por la jefatura del area para gestion.,en_proceso,0
TK-01657,2025-12-17,,Contabilidad,red,baja,mesa de ayuda,usuario061@lafortuna.com.co,No carga el sistema desde la sede sur,El caso fue reportado por telefono y se registra para trazabilidad.,escalado,0
TK-01583,2025-02-12,,Operaciones,software,media,correo,usuario023@lafortuna.com.co,Aparece un mensaje de sesion expirada cada cinco minutos,Requerimiento remitido por la jefatura del area para gestion.,reabierto,1
TK-00985,2025-01-11,,Aplicaciones,accesos,media,formulario,usuario049@lafortuna.com.co,No puedo entrar al sistema Centrica,El solicitante indica que la novedad se presenta de forma intermitente desde hace tres dias.,abierto,0
TK-01574,2026-02-01,2026-02-07,Comercial,nomina,alta,formulario web,usuario068@lafortuna.com.co,Error en el descuento de la quincena,Se solicita atencion prioritaria porque afecta la operacion del area y el cierre del periodo.,cerrado,0
TK-01255,2025-01-01,2025-01-02,Operaciones,otros,baja,telefono,usuario019@lafortuna.com.co,Consulta general,El solicitante indica que la novedad se presenta de forma intermitente desde hace tres dias.,cerrado,0
TK-00140,2025-03-23,2025-05-03,Compras,vacaciones,media,telefono,usuario174@lafortuna.com.co,Con cuanta anticipacion debo solicitar vacaciones,Requerimiento remitido por la jefatura del area para gestion.,cerrado,0
TK-00685,2025-04-24,,Infraestructura,accesos,media,telefono,usuario131@lafortuna.com.co,Se bloqueo mi usuario tras varios intentos,Se adjunta captura de pantalla del mensaje de error recibido.,en_proceso,0
TK-01661,2026-03-19,,Talento Humano,aplicaciones,alta,correo,usuario177@lafortuna.com.co,Aparece un mensaje de sesion expirada cada cinco minutos,El caso fue reportado por telefono y se registra para trazabilidad.,abierto,0
TK-01073,2025-06-30,,Aplicaciones,accesos,critica,telefono,usuario170@lafortuna.com.co,No puedo entrar al sistema Centrica,,reabierto,3
TK-00130,2025-11-06,,Calidad,reportes,baja,telefono,usuario087@lafortuna.com.co,Necesito el reporte de ventas del trimestre,El caso fue reportado por telefono y se registra para trazabilidad.,reabierto,1
TK-01633,2025-09-03,2025-09-26,Contabilidad,viaticos,critica,formulario,usuario140@lafortuna.com.co,No me han reembolsado los gastos del mes pasado,,reabierto,2
TK-01364,2025-04-20,,Compras,incidente,critica,correo,usuario020@lafortuna.com.co,Se cayo el servicio de facturacion,El solicitante indica que la novedad se presenta de forma intermitente desde hace tres dias.,abierto,0
TK-01176,2026-01-21,,Aplicaciones,nomina,critica,formulario web,usuario140@lafortuna.com.co,Solicito certificado laboral con salario,Se adjunta captura de pantalla del mensaje de error recibido.,en_proceso,0
TK-01222,2025-06-05,2025-06-27,Compras,nomina,critica,correo,usuario146@lafortuna.com.co,Error en el descuento de la quincena,El usuario reporta la novedad desde el inicio de la jornada y requiere solucion para continuar con su labor.,cerrado,0
TK-00515,2025-10-26,,Contabilidad,red,alta,telefono,usuario112@lafortuna.com.co,No carga el sistema desde la sede sur,Se adjunta captura de pantalla del mensaje de error recibido.,en_proceso,0
TK-00857,2025-02-15,2025-02-27,Contabilidad,compras,baja,correo,usuario139@lafortuna.com.co,Estado de la orden de compra 4471,Se solicita atencion prioritaria porque afecta la operacion del area y el cierre del periodo.,cerrado,0
TK-00547,2025-09-25,,Infraestructura,nomina,media,formulario,usuario046@lafortuna.com.co,Diferencia en el pago de horas extras,Se solicita atencion prioritaria porque afecta la operacion del area y el cierre del periodo.,reabierto,2
TK-01564,2025-09-12,2025-10-13,Operaciones,hardware,baja,correo,usuario051@lafortuna.com.co,Solicito reposicion de diadema danada,El caso fue reportado por telefono y se registra para trazabilidad.,escalado,0
TK-01876,2025-12-10,,Contabilidad,accesos,baja,telefono,usuario110@lafortuna.com.co,Me retiraron el acceso y aun trabajo en el proceso,,abierto,0
TK-00322,2025-02-03,2025-02-07,Calidad,incidente,media,telefono,usuario130@lafortuna.com.co,Los usuarios reportan lentitud generalizada,Se solicita atencion prioritaria porque afecta la operacion del area y el cierre del periodo.,cerrado,0
TK-01433,2026-03-02,,Compras,gestion_de_accesos,critica,correo,usuario029@lafortuna.com.co,Se bloqueo mi usuario tras varios intentos,El caso fue reportado por telefono y se registra para trazabilidad.,abierto,0
TK-00450,2026-06-19,,Contabilidad,vacaciones,alta,formulario web,usuario071@lafortuna.com.co,Con cuanta anticipacion debo solicitar vacaciones,Se adjunta captura de pantalla del mensaje de error recibido.,escalado,0
TK-01639,2026-06-23,2026-07-05,Operaciones,software,alta,correo,usuario027@lafortuna.com.co,La version instalada no coincide con la del area,El caso fue reportado por telefono y se registra para trazabilidad.,cerrado,0
TK-00975,2025-09-09,2025-09-27,Infraestructura,hardware,critica,mesa de ayuda,usuario083@lafortuna.com.co,La impresora de la sede norte imprime rayada,Se adjunta captura de pantalla del mensaje de error recibido.,cerrado,1
TK-00076,2025-03-15,,Talento Humano,red,critica,telefono,usuario136@lafortuna.com.co,La VPN se desconecta cada media hora,El caso fue reportado por telefono y se registra para trazabilidad.,escalado,0
TK-01513,2026-06-27,2026-07-27,Calidad,nomina,critica,formulario web,usuario113@lafortuna.com.co,Error en el descuento de la quincena,El usuario reporta la novedad desde el inicio de la jornada y requiere solucion para continuar con su labor.,cerrado,0
TK-01541,2026-04-28,,Contabilidad,viaticos,alta,telefono,usuario047@lafortuna.com.co,Necesito anticipo para comision,,abierto,0
TK-01830,2026-02-13,,Comercial,viaticos,media,formulario web,usuario023@lafortuna.com.co,Como legalizo los viaticos del viaje a la costa,Se solicita atencion prioritaria porque afecta la operacion del area y el cierre del periodo.,abierto,0
TK-01097,2025-05-27,,Talento Humano,incidente,critica,correo,usuario069@lafortuna.com.co,Perdida de informacion en el modulo de inventario,El caso fue reportado por telefono y se registra para trazabilidad.,abierto,0
TK-01763,2025-12-15,,Compras,hardware,media,telefono,usuario110@lafortuna.com.co,Solicito reposicion de diadema danada,,reabierto,2
TK-01182,2025-07-03,2025-07-06,Comercial,hardware,critica,formulario,usuario179@lafortuna.com.co,El portatil no enciende desde ayer,El solicitante indica que la novedad se presenta de forma intermitente desde hace tres dias.,cerrado,0
TK-00107,2025-08-31,,Contabilidad,reportes,baja,formulario,usuario125@lafortuna.com.co,El informe muestra cifras distintas al sistema,El usuario reporta la novedad desde el inicio de la jornada y requiere solucion para continuar con su labor.,en_proceso,0
TK-00953,2025-05-18,,Contabilidad,sin_clasificar,baja,correo,usuario092@lafortuna.com.co,Pendiente por definir,Requerimiento remitido por la jefatura del area para gestion.,reabierto,3
TK-00879,2026-03-03,2026-03-26,Aplicaciones,otros,critica,correo,usuario055@lafortuna.com.co,Requerimiento del area,Requerimiento remitido por la jefatura del area para gestion.,cerrado,0
TK-01299,2025-09-09,2025-10-20,Infraestructura,software,baja,formulario web,usuario110@lafortuna.com.co,Aparece un mensaje de sesion expirada cada cinco minutos,Se solicita atencion prioritaria porque afecta la operacion del area y el cierre del periodo.,cerrado,0
TK-01262,2026-05-10,,Compras,incidente,critica,formulario,usuario140@lafortuna.com.co,Perdida de informacion en el modulo de inventario,,reabierto,2
TK-00976,2025-01-30,2025-02-14,Talento Humano,viaticos,critica,formulario web,usuario084@lafortuna.com.co,No me han reembolsado los gastos del mes pasado,El usuario reporta la novedad desde el inicio de la jornada y requiere solucion para continuar con su labor.,en_proceso,0
TK-01298,2026-05-18,2026-05-31,Aplicaciones,aplicaciones,alta,correo,usuario146@lafortuna.com.co,La version instalada no coincide con la del area,El solicitante indica que la novedad se presenta de forma intermitente desde hace tres dias.,cerrado,0
TK-00813,2026-02-20,2026-04-02,Contabilidad,otros,alta,mesa de ayuda,usuario007@lafortuna.com.co,Solicitud varias,Se solicita atencion prioritaria porque afecta la operacion del area y el cierre del periodo.,reabierto,0
TK-00837,2026-05-14,,Comercial,reportes,media,mesa de ayuda,usuario033@lafortuna.com.co,Necesito el reporte de ventas del trimestre,Requerimiento remitido por la jefatura del area para gestion.,reabierto,3
TK-00568,2025-04-13,2025-04-28,Comercial,viaticos,alta,mesa de ayuda,usuario007@lafortuna.com.co,Necesito anticipo para comision,Requerimiento remitido por la jefatura del area para gestion.,cerrado,0
TK-01894,2025-03-13,2025-03-13,Infraestructura,reportes,media,formulario,usuario075@lafortuna.com.co,Solicito exportar el listado a Excel,El usuario reporta la novedad desde el inicio de la jornada y requiere solucion para continuar con su labor.,cerrado,0
TK-01308,2026-06-15,2026-06-17,Infraestructura,red,critica,telefono,usuario120@lafortuna.com.co,La VPN se desconecta cada media hora,Se adjunta captura de pantalla del mensaje de error recibido.,cerrado,0
TK-00312,2026-02-27,,Infraestructura,capacitacion,alta,mesa de ayuda,usuario174@lafortuna.com.co,Cuando es la proxima induccion,Requerimiento remitido por la jefatura del area para gestion.,escalado,0
TK-00719,2025-01-10,,Aplicaciones,aplicaciones,alta,telefono,usuario087@lafortuna.com.co,La version instalada no coincide con la del area,Requerimiento remitido por la jefatura del area para gestion.,reabierto,3
TK-00915,2025-06-04,,Compras,otros,baja,correo,usuario045@lafortuna.com.co,Solicitud varias,El solicitante indica que la novedad se presenta de forma intermitente desde hace tres dias.,abierto,0
TK-01681,2026-06-15,2026-07-01,Contabilidad,hardware,alta,telefono,usuario009@lafortuna.com.co,El portatil no enciende desde ayer,,cerrado,0
TK-00420,2026-04-03,,Infraestructura,incidente,alta,telefono,usuario164@lafortuna.com.co,Caida total del sistema en la sede principal,Requerimiento remitido por la jefatura del area para gestion.,reabierto,3
TK-00668,2025-10-23,2025-11-30,Compras,red,media,mesa de ayuda,usuario137@lafortuna.com.co,No carga el sistema desde la sede sur,El usuario reporta la novedad desde el inicio de la jornada y requiere solucion para continuar con su labor.,en_proceso,0
TK-01943,2025-02-09,2025-02-19,Infraestructura,aplicaciones,baja,telefono,usuario174@lafortuna.com.co,La version instalada no coincide con la del area,Se adjunta captura de pantalla del mensaje de error recibido.,cerrado,0
TK-01462,2026-04-26,,Contabilidad,capacitacion,critica,telefono,usuario167@lafortuna.com.co,Solicito capacitacion en el modulo nuevo,El solicitante indica que la novedad se presenta de forma intermitente desde hace tres dias.,escalado,0
TK-00961,2025-09-01,,Compras,red,media,formulario web,usuario031@lafortuna.com.co,Muy lenta la conexion en la bodega,El usuario reporta la novedad desde el inicio de la jornada y requiere solucion para continuar con su labor.,en_proceso,0
TK-00959,2025-03-08,2025-03-23,Calidad,red,alta,telefono,usuario155@lafortuna.com.co,La VPN se desconecta cada media hora,El caso fue reportado por telefono y se registra para trazabilidad.,cerrado,0
TK-00032,2025-04-05,2025-04-11,Calidad,software,baja,formulario,usuario139@lafortuna.com.co,Necesito que instalen el visor de planos,,cerrado,0
TK-01718,2025-08-29,,Operaciones,accesos,media,telefono,usuario157@lafortuna.com.co,Se bloqueo mi usuario tras varios intentos,El caso fue reportado por telefono y se registra para trazabilidad.,reabierto,1
TK-00871,2025-03-08,,Comercial,reportes,alta,formulario web,usuario020@lafortuna.com.co,Solicito exportar el listado a Excel,El usuario reporta la novedad desde el inicio de la jornada y requiere solucion para continuar con su labor.,escalado,0
TK-01431,2025-07-31,,Calidad,otros,critica,mesa de ayuda,usuario094@lafortuna.com.co,Requerimiento del area,El solicitante indica que la novedad se presenta de forma intermitente desde hace tres dias.,en_proceso,0
TK-00555,2025-02-02,,Contabilidad,incidente,media,mesa de ayuda,usuario086@lafortuna.com.co,Perdida de informacion en el modulo de inventario,Se solicita atencion prioritaria porque afecta la operacion del area y el cierre del periodo.,en_proceso,0
TK-01247,2025-09-05,,Operaciones,viaticos,alta,formulario,usuario054@lafortuna.com.co,Necesito anticipo para comision,Se adjunta captura de pantalla del mensaje de error recibido.,en_proceso,0
TK-01325,2025-07-28,,Contabilidad,otros,media,correo,usuario079@lafortuna.com.co,Requerimiento del area,Se solicita atencion prioritaria porque afecta la operacion del area y el cierre del periodo.,reabierto,1
TK-01170,2025-10-20,,Calidad,hardware,media,formulario,usuario033@lafortuna.com.co,El teclado dejo de responder,,en_proceso,0
TK-00785,2025-04-21,2025-05-28,Operaciones,nomina,baja,formulario web,usuario102@lafortuna.com.co,Solicito certificado laboral con salario,El usuario reporta la novedad desde el inicio de la jornada y requiere solucion para continuar con su labor.,cerrado,0
TK-00374,2025-01-11,,Contabilidad,hardware,alta,formulario web,usuario170@lafortuna.com.co,El teclado dejo de responder,El solicitante indica que la novedad se presenta de forma intermitente desde hace tres dias.,en_proceso,0
TK-00852,2026-05-18,,Talento Humano,incidente,critica,telefono,usuario029@lafortuna.com.co,Caida total del sistema en la sede principal,Se adjunta captura de pantalla del mensaje de error recibido.,reabierto,1
TK-01095,2025-04-18,2025-05-04,Compras,accesos,media,telefono,usuario109@lafortuna.com.co,No puedo entrar al sistema Centrica,El caso fue reportado por telefono y se registra para trazabilidad.,cerrado,0
TK-00501,2025-04-08,,Comercial,software,alta,formulario web,usuario008@lafortuna.com.co,Necesito que instalen el visor de planos,Requerimiento remitido por la jefatura del area para gestion.,reabierto,1
TK-01556,2025-11-26,,Comercial,otros,critica,telefono,usuario013@lafortuna.com.co,Pendiente por definir,El solicitante indica que la novedad se presenta de forma intermitente desde hace tres dias.,reabierto,2
TK-01228,2026-04-13,2026-05-22,Compras,red,baja,mesa de ayuda,usuario159@lafortuna.com.co,No carga el sistema desde la sede sur,Se solicita atencion prioritaria porque afecta la operacion del area y el cierre del periodo.,cerrado,0
TK-01139,2025-06-11,2025-07-23,Aplicaciones,vacaciones,alta,correo,usuario169@lafortuna.com.co,Con cuanta anticipacion debo solicitar vacaciones,Se solicita atencion prioritaria porque afecta la operacion del area y el cierre del periodo.,cerrado,0
TK-00362,2025-10-15,2025-11-08,Infraestructura,sin_clasificar,alta,telefono,usuario130@lafortuna.com.co,Solicitud varias,Se adjunta captura de pantalla del mensaje de error recibido.,cerrado,0
TK-00224,2025-01-22,,Aplicaciones,nomina,media,mesa de ayuda,usuario125@lafortuna.com.co,No me llego el desprendible de pago,El solicitante indica que la novedad se presenta de forma intermitente desde hace tres dias.,abierto,0
TK-00324,2025-07-24,2025-08-05,Operaciones,compras,baja,correo,usuario035@lafortuna.com.co,Como registro un proveedor nuevo,,cerrado,0
TK-01268,2025-03-29,2025-05-09,Comercial,compras,critica,telefono,usuario158@lafortuna.com.co,Necesito cotizacion para equipos de la bodega,,cerrado,0
TK-00951,2025-03-22,2025-04-30,Calidad,otros,critica,correo,usuario030@lafortuna.com.co,Requerimiento del area,El usuario reporta la novedad desde el inicio de la jornada y requiere solucion para continuar con su labor.,escalado,0
TK-00176,2025-03-26,,Talento Humano,nomina,alta,correo,usuario008@lafortuna.com.co,Diferencia en el pago de horas extras,El solicitante indica que la novedad se presenta de forma intermitente desde hace tres dias.,en_proceso,0
TK-00563,2026-05-31,2026-06-19,Operaciones,red,baja,correo,usuario031@lafortuna.com.co,Sin internet en el segundo piso,Se adjunta captura de pantalla del mensaje de error recibido.,cerrado,0
TK-01077,2026-02-07,2026-03-13,Talento Humano,incidente,media,telefono,usuario032@lafortuna.com.co,Caida total del sistema en la sede principal,Requerimiento remitido por la jefatura del area para gestion.,cerrado,0
TK-00283,2026-06-09,,Calidad,aplicaciones,critica,correo,usuario115@lafortuna.com.co,La version instalada no coincide con la del area,El solicitante indica que la novedad se presenta de forma intermitente desde hace tres dias.,reabierto,3
TK-00686,2025-09-02,2025-10-07,Compras,hardware,baja,formulario,usuario026@lafortuna.com.co,El teclado dejo de responder,El solicitante indica que la novedad se presenta de forma intermitente desde hace tres dias.,reabierto,2
TK-01338,2025-09-13,2025-10-18,Calidad,otros,alta,telefono,usuario116@lafortuna.com.co,Consulta general,,cerrado,0
TK-01242,2026-02-24,,Infraestructura,reportes,baja,formulario,usuario075@lafortuna.com.co,El informe muestra cifras distintas al sistema,Se solicita atencion prioritaria porque afecta la operacion del area y el cierre del periodo.,reabierto,3
TK-00159,2025-03-10,,Talento Humano,otros,media,telefono,usuario100@lafortuna.com.co,Requerimiento del area,,abierto,0
TK-00084,2025-11-29,,Infraestructura,aplicaciones,alta,correo,usuario089@lafortuna.com.co,Necesito que instalen el visor de planos,Se solicita atencion prioritaria porque afecta la operacion del area y el cierre del periodo.,en_proceso,0
TK-01907,2025-12-10,,Calidad,incidente,critica,correo,usuario002@lafortuna.com.co,Caida total del sistema en la sede principal,El usuario reporta la novedad desde el inicio de la jornada y requiere solucion para continuar con su labor.,abierto,0
TK-01592,2025-08-13,,Comercial,otros,critica,correo,usuario165@lafortuna.com.co,Consulta general,Se solicita atencion prioritaria porque afecta la operacion del area y el cierre del periodo.,escalado,0
TK-01566,2026-06-29,,Calidad,conectividad,critica,correo,usuario176@lafortuna.com.co,La VPN se desconecta cada media hora,,en_proceso,0
TK-00389,2025-10-10,,Infraestructura,incidente,media,correo,usuario163@lafortuna.com.co,Se cayo el servicio de facturacion,Se solicita atencion prioritaria porque afecta la operacion del area y el cierre del periodo.,reabierto,3
TK-01567,2025-05-21,,Operaciones,nomina,baja,telefono,usuario133@lafortuna.com.co,Diferencia en el pago de horas extras,El usuario reporta la novedad desde el inicio de la jornada y requiere solucion para continuar con su labor.,escalado,0
TK-00008,2025-10-23,2025-12-02,Comercial,hardware,critica,formulario,usuario150@lafortuna.com.co,Necesito un monitor adicional para el puesto,El usuario reporta la novedad desde el inicio de la jornada y requiere solucion para continuar con su labor.,reabierto,3
TK-00836,2026-05-23,,Operaciones,incidente,alta,formulario,usuario088@lafortuna.com.co,Caida total del sistema en la sede principal,,abierto,0
TK-01689,2025-05-07,2025-06-11,Infraestructura,reportes,media,correo,usuario016@lafortuna.com.co,El informe muestra cifras distintas al sistema,Requerimiento remitido por la jefatura del area para gestion.,en_proceso,0
TK-01293,2025-08-10,,Contabilidad,incidente,alta,formulario,usuario135@lafortuna.com.co,Se cayo el servicio de facturacion,Se solicita atencion prioritaria porque afecta la operacion del area y el cierre del periodo.,reabierto,1
TK-01779,2026-03-30,2026-03-31,Aplicaciones,capacitacion,critica,correo,usuario152@lafortuna.com.co,Necesito material del curso de la semana pasada,El caso fue reportado por telefono y se registra para trazabilidad.,cerrado,0
TK-00861,2026-02-06,2026-03-19,Infraestructura,capacitacion,baja,formulario,usuario120@lafortuna.com.co,Cuando es la proxima induccion,Se adjunta captura de pantalla del mensaje de error recibido.,reabierto,3
TK-01466,2025-03-03,,Talento Humano,viaticos,critica,formulario,usuario089@lafortuna.com.co,Necesito anticipo para comision,Se adjunta captura de pantalla del mensaje de error recibido.,abierto,0
TK-01257,2026-04-07,,Compras,red,media,correo,usuario009@lafortuna.com.co,Muy lenta la conexion en la bodega,Se adjunta captura de pantalla del mensaje de error recibido.,abierto,0
TK-00564,2025-03-21,2025-03-26,Operaciones,aplicaciones,alta,correo,usuario091@lafortuna.com.co,Aparece un mensaje de sesion expirada cada cinco minutos,Se solicita atencion prioritaria porque afecta la operacion del area y el cierre del periodo.,cerrado,0
TK-01783,2025-06-21,,Talento Humano,otros,critica,correo,usuario139@lafortuna.com.co,Requerimiento del area,,abierto,0
TK-01879,2025-10-05,,Operaciones,nomina,alta,telefono,usuario126@lafortuna.com.co,Solicito certificado laboral con salario,,escalado,0
TK-00779,2025-06-19,,Contabilidad,otros,critica,formulario web,usuario165@lafortuna.com.co,Consulta general,,reabierto,2
TK-00454,2026-02-06,,Contabilidad,reportes,alta,correo,usuario157@lafortuna.com.co,El informe muestra cifras distintas al sistema,El caso fue reportado por telefono y se registra para trazabilidad.,reabierto,3
TK-00448,2025-06-12,,Operaciones,hardware,alta,correo,usuario060@lafortuna.com.co,El teclado dejo de responder,El caso fue reportado por telefono y se registra para trazabilidad.,abierto,0
TK-00624,2025-02-20,2025-03-17,Calidad,vacaciones,alta,formulario web,usuario068@lafortuna.com.co,Con cuanta anticipacion debo solicitar vacaciones,Se adjunta captura de pantalla del mensaje de error recibido.,reabierto,3
TK-01392,2025-09-30,2025-10-11,Contabilidad,gestion_de_accesos,media,telefono,usuario062@lafortuna.com.co,Solicito permiso al modulo de cartera,Requerimiento remitido por la jefatura del area para gestion.,cerrado,1
TK-00214,2025-10-10,,Calidad,nomina,media,telefono,usuario109@lafortuna.com.co,Error en el descuento de la quincena,Se solicita atencion prioritaria porque afecta la operacion del area y el cierre del periodo.,en_proceso,0
TK-01020,2025-07-23,,Infraestructura,incidente,critica,formulario web,usuario038@lafortuna.com.co,Se cayo el servicio de facturacion,Se adjunta captura de pantalla del mensaje de error recibido.,escalado,0
TK-00864,2025-09-06,2025-10-20,Infraestructura,reportes,critica,correo,usuario023@lafortuna.com.co,El reporte no incluye la sede nueva,Se adjunta captura de pantalla del mensaje de error recibido.,cerrado,0
TK-01738,2026-05-22,,Operaciones,software,media,correo,usuario116@lafortuna.com.co,La version instalada no coincide con la del area,Se solicita atencion prioritaria porque afecta la operacion del area y el cierre del periodo.,escalado,0
TK-01521,2026-03-11,2026-04-22,Compras,nomina,baja,telefono,usuario043@lafortuna.com.co,No me llego el desprendible de pago,,escalado,0
TK-01871,2026-03-13,,Comercial,nomina,alta,formulario,usuario110@lafortuna.com.co,Solicito certificado laboral con salario,Requerimiento remitido por la jefatura del area para gestion.,reabierto,3
TK-00103,2026-02-28,,Talento Humano,aplicaciones,alta,correo,usuario020@lafortuna.com.co,Necesito que instalen el visor de planos,Se solicita atencion prioritaria porque afecta la operacion del area y el cierre del periodo.,abierto,0
TK-00432,2025-02-24,2025-03-10,Infraestructura,reportes,media,telefono,usuario015@lafortuna.com.co,El reporte no incluye la sede nueva,Requerimiento remitido por la jefatura del area para gestion.,reabierto,3
TK-01643,2026-04-16,,Calidad,reportes,alta,telefono,usuario029@lafortuna.com.co,Necesito el reporte de ventas del trimestre,El solicitante indica que la novedad se presenta de forma intermitente desde hace tres dias.,reabierto,1
TK-00458,2025-02-19,,Infraestructura,hardware,media,telefono,usuario097@lafortuna.com.co,El portatil no enciende desde ayer,Se solicita atencion prioritaria porque afecta la operacion del area y el cierre del periodo.,en_proceso,0
TK-00693,2025-09-28,,Operaciones,reportes,media,mesa de ayuda,usuario056@lafortuna.com.co,El informe muestra cifras distintas al sistema,El solicitante indica que la novedad se presenta de forma intermitente desde hace tres dias.,reabierto,2
TK-01152,2025-03-18,,Aplicaciones,compras,media,mesa de ayuda,usuario088@lafortuna.com.co,El proveedor no ha entregado lo solicitado,Requerimiento remitido por la jefatura del area para gestion.,reabierto,2
TK-01641,2025-09-11,2025-10-21,Comercial,incidente,alta,telefono,usuario175@lafortuna.com.co,Perdida de informacion en el modulo de inventario,El caso fue reportado por telefono y se registra para trazabilidad.,reabierto,2
TK-01075,2025-08-03,2025-08-20,Comercial,accesos,critica,telefono,usuario034@lafortuna.com.co,No puedo entrar al sistema Centrica,El solicitante indica que la novedad se presenta de forma intermitente desde hace tres dias.,cerrado,0
TK-01107,2026-04-14,2026-04-26,Contabilidad,gestion_de_accesos,baja,correo,usuario134@lafortuna.com.co,No puedo entrar al sistema Centrica,El solicitante indica que la novedad se presenta de forma intermitente desde hace tres dias.,cerrado,0
TK-00149,2025-12-13,,Aplicaciones,hardware,alta,formulario web,usuario049@lafortuna.com.co,El teclado dejo de responder,Requerimiento remitido por la jefatura del area para gestion.,escalado,0
TK-00945,2025-08-08,,Infraestructura,aplicaciones,baja,telefono,usuario029@lafortuna.com.co,La version instalada no coincide con la del area,Se adjunta captura de pantalla del mensaje de error recibido.,en_proceso,0
TK-01501,2025-03-03,,Calidad,accesos,baja,telefono,usuario059@lafortuna.com.co,Necesito acceso a la carpeta compartida de mi area,El usuario reporta la novedad desde el inicio de la jornada y requiere solucion para continuar con su labor.,abierto,0
TK-01527,2025-09-21,2025-10-05,Compras,accesos,baja,formulario web,usuario180@lafortuna.com.co,Solicito permiso al modulo de cartera,Requerimiento remitido por la jefatura del area para gestion.,cerrado,0
TK-00301,2025-11-02,,Comercial,incidente,baja,mesa de ayuda,usuario099@lafortuna.com.co,Caida total del sistema en la sede principal,,abierto,0
TK-01807,2025-12-06,,Calidad,capacitacion,critica,formulario web,usuario012@lafortuna.com.co,Solicito capacitacion en el modulo nuevo,El solicitante indica que la novedad se presenta de forma intermitente desde hace tres dias.,abierto,0
TK-01060,2025-12-09,2025-12-31,Talento Humano,accesos,alta,correo,usuario172@lafortuna.com.co,Me retiraron el acceso y aun trabajo en el proceso,El usuario reporta la novedad desde el inicio de la jornada y requiere solucion para continuar con su labor.,cerrado,0
TK-01892,2025-03-05,2025-03-10,Talento Humano,red,baja,formulario web,usuario120@lafortuna.com.co,Muy lenta la conexion en la bodega,El usuario reporta la novedad desde el inicio de la jornada y requiere solucion para continuar con su labor.,cerrado,0
TK-00098,2025-08-25,,Aplicaciones,hardware,alta,formulario web,usuario138@lafortuna.com.co,El portatil no enciende desde ayer,Se solicita atencion prioritaria porque afecta la operacion del area y el cierre del periodo.,reabierto,3
TK-01371,2025-12-06,,Contabilidad,red,alta,correo,usuario002@lafortuna.com.co,No carga el sistema desde la sede sur,El caso fue reportado por telefono y se registra para trazabilidad.,abierto,0
TK-00736,2026-02-24,2026-03-24,Compras,hardware,alta,correo,usuario084@lafortuna.com.co,Necesito un monitor adicional para el puesto,El usuario reporta la novedad desde el inicio de la jornada y requiere solucion para continuar con su labor.,cerrado,0
TK-01951,2026-01-06,,Compras,accesos,alta,correo,usuario018@lafortuna.com.co,Me retiraron el acceso y aun trabajo en el proceso,Requerimiento remitido por la jefatura del area para gestion.,reabierto,1
TK-00981,2025-12-11,,Comercial,hardware,media,formulario web,usuario098@lafortuna.com.co,Necesito un monitor adicional para el puesto,Requerimiento remitido por la jefatura del area para gestion.,escalado,0
TK-00193,2026-04-14,,Operaciones,conectividad,alta,formulario,usuario062@lafortuna.com.co,Sin internet en el segundo piso,El solicitante indica que la novedad se presenta de forma intermitente desde hace tres dias.,en_proceso,0
TK-00972,2025-12-15,2026-01-01,Infraestructura,gestion_de_accesos,critica,formulario,usuario123@lafortuna.com.co,Se bloqueo mi usuario tras varios intentos,,cerrado,0
TK-01429,2025-09-11,,Calidad,aplicaciones,alta,correo,usuario051@lafortuna.com.co,Necesito que instalen el visor de planos,Se adjunta captura de pantalla del mensaje de error recibido.,en_proceso,0
TK-00697,2026-01-25,,Talento Humano,red,baja,telefono,usuario082@lafortuna.com.co,No carga el sistema desde la sede sur,El caso fue reportado por telefono y se registra para trazabilidad.,abierto,0
TK-01258,2026-04-26,,Talento Humano,capacitacion,media,correo,usuario127@lafortuna.com.co,Cuando es la proxima induccion,Requerimiento remitido por la jefatura del area para gestion.,en_proceso,0
TK-01703,2025-10-11,,Compras,viaticos,baja,mesa de ayuda,usuario135@lafortuna.com.co,No me han reembolsado los gastos del mes pasado,Se adjunta captura de pantalla del mensaje de error recibido.,en_proceso,0
TK-01054,2025-02-07,2025-02-19,Talento Humano,hardware,critica,mesa de ayuda,usuario088@lafortuna.com.co,La impresora de la sede norte imprime rayada,El caso fue reportado por telefono y se registra para trazabilidad.,cerrado,0
TK-00221,2026-04-13,2026-05-04,Infraestructura,nomina,baja,telefono,usuario095@lafortuna.com.co,Diferencia en el pago de horas extras,Requerimiento remitido por la jefatura del area para gestion.,cerrado,1
TK-00658,2025-12-16,,Operaciones,capacitacion,critica,formulario web,usuario117@lafortuna.com.co,Necesito material del curso de la semana pasada,Requerimiento remitido por la jefatura del area para gestion.,escalado,0
TK-00799,2026-05-21,,Infraestructura,gestion_de_accesos,critica,mesa de ayuda,usuario113@lafortuna.com.co,Se bloqueo mi usuario tras varios intentos,,abierto,0
TK-01354,2025-07-14,2025-07-27,Calidad,nomina,alta,formulario,usuario131@lafortuna.com.co,Error en el descuento de la quincena,El caso fue reportado por telefono y se registra para trazabilidad.,cerrado,0
TK-01604,2025-06-24,2025-08-02,Infraestructura,nomina,alta,formulario,usuario162@lafortuna.com.co,No me llego el desprendible de pago,El usuario reporta la novedad desde el inicio de la jornada y requiere solucion para continuar con su labor.,cerrado,0
TK-00634,2026-05-22,,Talento Humano,accesos,critica,telefono,usuario172@lafortuna.com.co,Se bloqueo mi usuario tras varios intentos,Requerimiento remitido por la jefatura del area para gestion.,escalado,0
TK-01285,2025-01-22,,Calidad,compras,media,formulario web,usuario095@lafortuna.com.co,El proveedor no ha entregado lo solicitado,Se solicita atencion prioritaria porque afecta la operacion del area y el cierre del periodo.,abierto,0
TK-00562,2026-05-21,2026-06-08,Calidad,gestion_de_accesos,media,correo,usuario165@lafortuna.com.co,Me retiraron el acceso y aun trabajo en el proceso,El solicitante indica que la novedad se presenta de forma intermitente desde hace tres dias.,cerrado,0
TK-00842,2026-01-06,2026-02-01,Infraestructura,accesos,critica,telefono,usuario170@lafortuna.com.co,Necesito acceso a la carpeta compartida de mi area,Se adjunta captura de pantalla del mensaje de error recibido.,cerrado,0
TK-00827,2026-01-04,2026-02-02,Talento Humano,software,baja,telefono,usuario007@lafortuna.com.co,La aplicacion se cierra al generar el informe,El caso fue reportado por telefono y se registra para trazabilidad.,cerrado,0
TK-00251,2025-08-18,2025-09-11,Calidad,conectividad,critica,telefono,usuario162@lafortuna.com.co,Sin internet en el segundo piso,El caso fue reportado por telefono y se registra para trazabilidad.,cerrado,0
TK-00147,2025-05-21,,Infraestructura,viaticos,baja,mesa de ayuda,usuario029@lafortuna.com.co,Cual es el monto autorizado para hospedaje,El usuario reporta la novedad desde el inicio de la jornada y requiere solucion para continuar con su labor.,escalado,0
TK-01709,2025-01-18,,Calidad,viaticos,alta,telefono,usuario008@lafortuna.com.co,Necesito anticipo para comision,El usuario reporta la novedad desde el inicio de la jornada y requiere solucion para continuar con su labor.,reabierto,2
TK-00062,2025-12-21,,Comercial,software,media,formulario,usuario180@lafortuna.com.co,La aplicacion se cierra al generar el informe,Requerimiento remitido por la jefatura del area para gestion.,reabierto,3
TK-00930,2025-06-02,,Comercial,aplicaciones,baja,correo,usuario105@lafortuna.com.co,La version instalada no coincide con la del area,El caso fue reportado por telefono y se registra para trazabilidad.,abierto,0
TK-01765,2026-05-25,2026-05-31,Calidad,hardware,baja,mesa de ayuda,usuario114@lafortuna.com.co,El portatil no enciende desde ayer,El usuario reporta la novedad desde el inicio de la jornada y requiere solucion para continuar con su labor.,cerrado,0
TK-00223,2025-08-27,,Aplicaciones,software,baja,correo,usuario003@lafortuna.com.co,La version instalada no coincide con la del area,Se solicita atencion prioritaria porque afecta la operacion del area y el cierre del periodo.,abierto,0
TK-00731,2026-05-09,2026-05-10,Aplicaciones,accesos,critica,telefono,usuario003@lafortuna.com.co,Me retiraron el acceso y aun trabajo en el proceso,Requerimiento remitido por la jefatura del area para gestion.,cerrado,0
TK-00248,2025-04-16,,Talento Humano,gestion_de_accesos,baja,correo,usuario071@lafortuna.com.co,Necesito acceso a la carpeta compartida de mi area,El solicitante indica que la novedad se presenta de forma intermitente desde hace tres dias.,en_proceso,0
TK-01491,2026-06-06,,Operaciones,red,media,correo,usuario177@lafortuna.com.co,No carga el sistema desde la sede sur,Se adjunta captura de pantalla del mensaje de error recibido.,abierto,0
TK-01510,2026-05-22,,Infraestructura,vacaciones,baja,formulario web,usuario091@lafortuna.com.co,Cuantos dias tengo acumulados,Se solicita atencion prioritaria porque afecta la operacion del area y el cierre del periodo.,en_proceso,0
TK-00593,2025-08-13,,Compras,accesos,baja,mesa de ayuda,usuario178@lafortuna.com.co,Necesito acceso a la carpeta compartida de mi area,El caso fue reportado por telefono y se registra para trazabilidad.,abierto,0
TK-00227,2025-05-15,2025-06-24,Talento Humano,vacaciones,media,formulario,usuario173@lafortuna.com.co,Cuantos dias tengo acumulados,,cerrado,0
TK-00462,2025-01-30,,Comercial,viaticos,media,telefono,usuario047@lafortuna.com.co,Necesito anticipo para comision,Se adjunta captura de pantalla del mensaje de error recibido.,en_proceso,0
TK-00625,2026-01-26,2026-03-09,Comercial,viaticos,alta,correo,usuario101@lafortuna.com.co,Como legalizo los viaticos del viaje a la costa,,cerrado,0
TK-00755,2026-02-13,,Operaciones,viaticos,critica,telefono,usuario097@lafortuna.com.co,Como legalizo los viaticos del viaje a la costa,Se solicita atencion prioritaria porque afecta la operacion del area y el cierre del periodo.,abierto,0
TK-01112,2025-01-23,,Calidad,compras,alta,telefono,usuario119@lafortuna.com.co,Necesito cotizacion para equipos de la bodega,El usuario reporta la novedad desde el inicio de la jornada y requiere solucion para continuar con su labor.,reabierto,2
TK-01432,2025-02-07,,Calidad,incidente,alta,telefono,usuario105@lafortuna.com.co,Se cayo el servicio de facturacion,,reabierto,1
TK-00905,2025-09-28,,Calidad,hardware,media,correo,usuario035@lafortuna.com.co,El portatil no enciende desde ayer,El caso fue reportado por telefono y se registra para trazabilidad.,en_proceso,0
TK-00413,2026-01-27,2026-02-05,Aplicaciones,hardware,alta,correo,usuario104@lafortuna.com.co,La impresora de la sede norte imprime rayada,El caso fue reportado por telefono y se registra para trazabilidad.,cerrado,0
TK-00984,2026-03-10,,Operaciones,compras,critica,mesa de ayuda,usuario178@lafortuna.com.co,Necesito cotizacion para equipos de la bodega,Requerimiento remitido por la jefatura del area para gestion.,escalado,0
TK-01670,2025-11-04,2025-11-10,Comercial,viaticos,media,formulario,usuario044@lafortuna.com.co,Necesito anticipo para comision,El caso fue reportado por telefono y se registra para trazabilidad.,cerrado,0
TK-00616,2026-06-08,2026-06-11,Comercial,incidente,media,formulario,usuario154@lafortuna.com.co,Se cayo el servicio de facturacion,,cerrado,0
TK-01497,2025-03-25,2025-04-11,Infraestructura,reportes,alta,correo,usuario173@lafortuna.com.co,El informe muestra cifras distintas al sistema,,cerrado,0
TK-00664,2025-11-17,2025-12-04,Infraestructura,gestion_de_accesos,media,telefono,usuario131@lafortuna.com.co,Me retiraron el acceso y aun trabajo en el proceso,El solicitante indica que la novedad se presenta de forma intermitente desde hace tres dias.,cerrado,1
TK-01710,2026-06-13,,Calidad,nomina,critica,formulario web,usuario146@lafortuna.com.co,Error en el descuento de la quincena,Se adjunta captura de pantalla del mensaje de error recibido.,escalado,0
TK-00250,2026-05-06,,Comercial,red,alta,mesa de ayuda,usuario048@lafortuna.com.co,No carga el sistema desde la sede sur,El usuario reporta la novedad desde el inicio de la jornada y requiere solucion para continuar con su labor.,abierto,0
TK-01027,2025-11-20,,Calidad,compras,alta,correo,usuario060@lafortuna.com.co,Necesito cotizacion para equipos de la bodega,El solicitante indica que la novedad se presenta de forma intermitente desde hace tres dias.,en_proceso,0
TK-00988,2025-01-16,,Aplicaciones,otros,alta,telefono,usuario090@lafortuna.com.co,Pendiente por definir,Requerimiento remitido por la jefatura del area para gestion.,reabierto,3
TK-01827,2025-01-06,,Infraestructura,incidente,critica,formulario web,usuario141@lafortuna.com.co,Caida total del sistema en la sede principal,Se solicita atencion prioritaria porque afecta la operacion del area y el cierre del periodo.,reabierto,1
TK-00900,2026-06-09,2026-07-19,Comercial,aplicaciones,alta,formulario web,usuario128@lafortuna.com.co,Aparece un mensaje de sesion expirada cada cinco minutos,El solicitante indica que la novedad se presenta de forma intermitente desde hace tres dias.,cerrado,0
TK-00428,2025-06-05,,Compras,red,critica,formulario,usuario143@lafortuna.com.co,Muy lenta la conexion en la bodega,Se solicita atencion prioritaria porque afecta la operacion del area y el cierre del periodo.,escalado,0
TK-00278,2025-08-31,,Infraestructura,gestion_de_accesos,media,telefono,usuario075@lafortuna.com.co,Solicito permiso al modulo de cartera,Se adjunta captura de pantalla del mensaje de error recibido.,en_proceso,0
TK-01536,2026-06-10,,Talento Humano,incidente,baja,mesa de ayuda,usuario046@lafortuna.com.co,Los usuarios reportan lentitud generalizada,Se solicita atencion prioritaria porque afecta la operacion del area y el cierre del periodo.,abierto,0
TK-01209,2025-07-01,,Operaciones,incidente,media,telefono,usuario166@lafortuna.com.co,Perdida de informacion en el modulo de inventario,El usuario reporta la novedad desde el inicio de la jornada y requiere solucion para continuar con su labor.,abierto,0
TK-00093,2025-05-30,2025-06-22,Talento Humano,incidente,critica,mesa de ayuda,usuario124@lafortuna.com.co,Perdida de informacion en el modulo de inventario,,cerrado,0
TK-00513,2025-11-05,2025-11-12,Compras,viaticos,baja,correo,usuario133@lafortuna.com.co,Como legalizo los viaticos del viaje a la costa,El solicitante indica que la novedad se presenta de forma intermitente desde hace tres dias.,cerrado,0
TK-00577,2025-07-15,2025-08-23,Talento Humano,nomina,baja,correo,usuario115@lafortuna.com.co,Diferencia en el pago de horas extras,El usuario reporta la novedad desde el inicio de la jornada y requiere solucion para continuar con su labor.,cerrado,0
TK-01411,2026-01-19,2026-02-08,Operaciones,otros,alta,correo,usuario161@lafortuna.com.co,Requerimiento del area,Se adjunta captura de pantalla del mensaje de error recibido.,cerrado,0
TK-01900,2026-02-16,2026-03-03,Contabilidad,vacaciones,media,formulario,usuario072@lafortuna.com.co,Puedo dividir mis vacaciones en dos periodos,El usuario reporta la novedad desde el inicio de la jornada y requiere solucion para continuar con su labor.,cerrado,0
TK-00268,2025-06-30,,Talento Humano,gestion_de_accesos,alta,correo,usuario115@lafortuna.com.co,Necesito acceso a la carpeta compartida de mi area,El usuario reporta la novedad desde el inicio de la jornada y requiere solucion para continuar con su labor.,escalado,0
TK-00143,2026-05-22,,Contabilidad,hardware,alta,mesa de ayuda,usuario037@lafortuna.com.co,Necesito un monitor adicional para el puesto,El caso fue reportado por telefono y se registra para trazabilidad.,en_proceso,0
TK-00640,2026-05-13,,Operaciones,accesos,critica,correo,usuario042@lafortuna.com.co,Me retiraron el acceso y aun trabajo en el proceso,Requerimiento remitido por la jefatura del area para gestion.,en_proceso,0
TK-00638,2026-04-14,,Infraestructura,hardware,baja,formulario,usuario158@lafortuna.com.co,La impresora de la sede norte imprime rayada,El caso fue reportado por telefono y se registra para trazabilidad.,en_proceso,0
TK-01423,2025-01-31,,Infraestructura,viaticos,alta,mesa de ayuda,usuario137@lafortuna.com.co,Necesito anticipo para comision,Se adjunta captura de pantalla del mensaje de error recibido.,abierto,0
TK-01038,2026-03-29,,Calidad,incidente,alta,formulario web,usuario126@lafortuna.com.co,Perdida de informacion en el modulo de inventario,El solicitante indica que la novedad se presenta de forma intermitente desde hace tres dias.,en_proceso,0
TK-00199,2025-08-05,,Comercial,software,alta,telefono,usuario131@lafortuna.com.co,La aplicacion se cierra al generar el informe,El caso fue reportado por telefono y se registra para trazabilidad.,en_proceso,0
TK-00738,2025-11-16,,Operaciones,compras,critica,mesa de ayuda,usuario042@lafortuna.com.co,Necesito cotizacion para equipos de la bodega,Se adjunta captura de pantalla del mensaje de error recibido.,abierto,0
TK-00484,2025-05-15,2025-05-16,Aplicaciones,compras,media,telefono,usuario133@lafortuna.com.co,Estado de la orden de compra 4471,El usuario reporta la novedad desde el inicio de la jornada y requiere solucion para continuar con su labor.,en_proceso,0
TK-00019,2025-09-24,,Calidad,red,media,telefono,usuario092@lafortuna.com.co,No carga el sistema desde la sede sur,Se adjunta captura de pantalla del mensaje de error recibido.,reabierto,1
TK-00078,2025-06-29,2025-06-30,Compras,reportes,alta,correo,usuario048@lafortuna.com.co,El reporte no incluye la sede nueva,Requerimiento remitido por la jefatura del area para gestion.,cerrado,0
TK-01162,2025-06-09,,Talento Humano,reportes,baja,telefono,usuario133@lafortuna.com.co,Solicito exportar el listado a Excel,Se adjunta captura de pantalla del mensaje de error recibido.,escalado,0
TK-01379,2025-04-16,2025-04-30,Operaciones,conectividad,alta,telefono,usuario129@lafortuna.com.co,No carga el sistema desde la sede sur,El usuario reporta la novedad desde el inicio de la jornada y requiere solucion para continuar con su labor.,cerrado,0
TK-00155,2025-11-20,,Calidad,otros,critica,formulario web,usuario175@lafortuna.com.co,Requerimiento del area,El caso fue reportado por telefono y se registra para trazabilidad.,reabierto,1
TK-00770,2025-02-14,,Aplicaciones,reportes,media,correo,usuario068@lafortuna.com.co,El reporte no incluye la sede nueva,El solicitante indica que la novedad se presenta de forma intermitente desde hace tres dias.,abierto,0
TK-00819,2025-11-24,2025-12-24,Aplicaciones,aplicaciones,baja,correo,usuario079@lafortuna.com.co,La version instalada no coincide con la del area,El solicitante indica que la novedad se presenta de forma intermitente desde hace tres dias.,en_proceso,0
TK-00043,2026-02-16,,Compras,hardware,alta,formulario,usuario114@lafortuna.com.co,Necesito un monitor adicional para el puesto,Se adjunta captura de pantalla del mensaje de error recibido.,en_proceso,0
TK-01572,2025-08-03,,Comercial,reportes,media,formulario web,usuario118@lafortuna.com.co,Necesito el reporte de ventas del trimestre,El solicitante indica que la novedad se presenta de forma intermitente desde hace tres dias.,abierto,0
TK-00009,2025-10-27,,Compras,incidente,critica,correo,usuario086@lafortuna.com.co,Perdida de informacion en el modulo de inventario,El usuario reporta la novedad desde el inicio de la jornada y requiere solucion para continuar con su labor.,escalado,0
TK-00839,2025-11-05,2025-11-28,Talento Humano,capacitacion,baja,telefono,usuario054@lafortuna.com.co,Cuando es la proxima induccion,El caso fue reportado por telefono y se registra para trazabilidad.,cerrado,0
TK-01186,2025-02-14,,Operaciones,viaticos,baja,formulario,usuario174@lafortuna.com.co,No me han reembolsado los gastos del mes pasado,Se solicita atencion prioritaria porque afecta la operacion del area y el cierre del periodo.,escalado,0
TK-01183,2025-09-25,2025-10-28,Infraestructura,accesos,media,correo,usuario158@lafortuna.com.co,Solicito permiso al modulo de cartera,Se solicita atencion prioritaria porque afecta la operacion del area y el cierre del periodo.,reabierto,1
TK-00523,2025-05-22,2025-06-16,Talento Humano,software,alta,formulario web,usuario152@lafortuna.com.co,La aplicacion se cierra al generar el informe,El caso fue reportado por telefono y se registra para trazabilidad.,cerrado,0
TK-00990,2025-07-04,2025-08-15,Operaciones,accesos,media,formulario web,usuario092@lafortuna.com.co,Se bloqueo mi usuario tras varios intentos,El caso fue reportado por telefono y se registra para trazabilidad.,cerrado,0
TK-01626,2025-11-12,,Aplicaciones,nomina,media,mesa de ayuda,usuario075@lafortuna.com.co,Error en el descuento de la quincena,El caso fue reportado por telefono y se registra para trazabilidad.,abierto,0
TK-00013,2026-03-31,,Compras,incidente,baja,formulario,usuario119@lafortuna.com.co,Los usuarios reportan lentitud generalizada,El caso fue reportado por telefono y se registra para trazabilidad.,reabierto,1
TK-01456,2026-03-03,2026-03-05,Talento Humano,viaticos,alta,formulario,usuario085@lafortuna.com.co,Necesito anticipo para comision,El solicitante indica que la novedad se presenta de forma intermitente desde hace tres dias.,cerrado,1
TK-00406,2026-05-28,2026-06-15,Comercial,viaticos,alta,telefono,usuario131@lafortuna.com.co,Cual es el monto autorizado para hospedaje,El usuario reporta la novedad desde el inicio de la jornada y requiere solucion para continuar con su labor.,cerrado,0
TK-00695,2026-02-04,,Operaciones,accesos,alta,formulario web,usuario051@lafortuna.com.co,Me retiraron el acceso y aun trabajo en el proceso,,reabierto,3
TK-01171,2025-07-29,,Comercial,hardware,critica,telefono,usuario018@lafortuna.com.co,El teclado dejo de responder,Requerimiento remitido por la jefatura del area para gestion.,en_proceso,0
TK-00418,2026-06-03,,Compras,aplicaciones,alta,telefono,usuario156@lafortuna.com.co,Aparece un mensaje de sesion expirada cada cinco minutos,Se adjunta captura de pantalla del mensaje de error recibido.,reabierto,2
TK-01887,2026-06-06,,Aplicaciones,accesos,media,telefono,usuario042@lafortuna.com.co,Se bloqueo mi usuario tras varios intentos,El solicitante indica que la novedad se presenta de forma intermitente desde hace tres dias.,abierto,0
TK-00119,2025-09-25,,Contabilidad,vacaciones,media,correo,usuario033@lafortuna.com.co,Me negaron las vacaciones solicitadas,El solicitante indica que la novedad se presenta de forma intermitente desde hace tres dias.,reabierto,0
TK-01109,2026-03-30,,Talento Humano,gestion_de_accesos,alta,correo,usuario176@lafortuna.com.co,Solicito permiso al modulo de cartera,,reabierto,2
TK-00516,2025-10-18,2025-11-19,Compras,otros,alta,correo,usuario144@lafortuna.com.co,Consulta general,Requerimiento remitido por la jefatura del area para gestion.,reabierto,1
TK-01579,2026-01-07,,Comercial,software,baja,correo,usuario149@lafortuna.com.co,Error al guardar el formulario de ingreso,El solicitante indica que la novedad se presenta de forma intermitente desde hace tres dias.,en_proceso,0
TK-00198,2025-05-10,,Infraestructura,reportes,media,formulario,usuario129@lafortuna.com.co,El informe muestra cifras distintas al sistema,El usuario reporta la novedad desde el inicio de la jornada y requiere solucion para continuar con su labor.,escalado,0
TK-01890,2026-05-23,,Infraestructura,nomina,alta,correo,usuario040@lafortuna.com.co,Error en el descuento de la quincena,,reabierto,2
TK-01502,2026-02-12,2026-03-16,Calidad,viaticos,critica,mesa de ayuda,usuario114@lafortuna.com.co,No me han reembolsado los gastos del mes pasado,El usuario reporta la novedad desde el inicio de la jornada y requiere solucion para continuar con su labor.,en_proceso,0
TK-00509,2025-04-28,,Aplicaciones,viaticos,critica,correo,usuario087@lafortuna.com.co,Necesito anticipo para comision,El usuario reporta la novedad desde el inicio de la jornada y requiere solucion para continuar con su labor.,reabierto,3
TK-00782,2025-06-10,,Comercial,hardware,critica,telefono,usuario164@lafortuna.com.co,El portatil no enciende desde ayer,El usuario reporta la novedad desde el inicio de la jornada y requiere solucion para continuar con su labor.,abierto,0
TK-00575,2025-05-30,2025-06-26,Contabilidad,software,media,correo,usuario175@lafortuna.com.co,Necesito que instalen el visor de planos,Se adjunta captura de pantalla del mensaje de error recibido.,reabierto,2
TK-01177,2025-02-10,,Compras,nomina,baja,mesa de ayuda,usuario174@lafortuna.com.co,No me llego el desprendible de pago,El caso fue reportado por telefono y se registra para trazabilidad.,abierto,0
TK-00912,2026-02-24,2026-04-09,Compras,hardware,critica,correo,usuario167@lafortuna.com.co,El teclado dejo de responder,,cerrado,0
TK-00696,2025-02-18,,Aplicaciones,incidente,baja,correo,usuario111@lafortuna.com.co,Se cayo el servicio de facturacion,Requerimiento remitido por la jefatura del area para gestion.,escalado,0
TK-00246,2026-01-11,,Contabilidad,otros,media,telefono,usuario110@lafortuna.com.co,Consulta general,Se solicita atencion prioritaria porque afecta la operacion del area y el cierre del periodo.,reabierto,0
TK-01714,2025-12-16,,Calidad,accesos,baja,formulario web,usuario129@lafortuna.com.co,Me retiraron el acceso y aun trabajo en el proceso,El solicitante indica que la novedad se presenta de forma intermitente desde hace tres dias.,reabierto,2
TK-01382,2025-03-01,,Calidad,nomina,media,formulario,usuario162@lafortuna.com.co,No me llego el desprendible de pago,Requerimiento remitido por la jefatura del area para gestion.,abierto,0
TK-01290,2026-06-05,,Talento Humano,reportes,media,telefono,usuario059@lafortuna.com.co,Necesito el reporte de ventas del trimestre,,reabierto,1
TK-00542,2025-04-10,,Comercial,vacaciones,baja,correo,usuario128@lafortuna.com.co,Cuantos dias tengo acumulados,El solicitante indica que la novedad se presenta de forma intermitente desde hace tres dias.,en_proceso,0
TK-01399,2025-04-04,,Infraestructura,accesos,baja,correo,usuario056@lafortuna.com.co,Se bloqueo mi usuario tras varios intentos,El solicitante indica que la novedad se presenta de forma intermitente desde hace tres dias.,abierto,0
TK-00368,2025-06-29,,Talento Humano,software,media,mesa de ayuda,usuario010@lafortuna.com.co,Aparece un mensaje de sesion expirada cada cinco minutos,Se solicita atencion prioritaria porque afecta la operacion del area y el cierre del periodo.,reabierto,3
TK-00526,2025-05-16,2025-06-18,Talento Humano,aplicaciones,baja,formulario web,usuario142@lafortuna.com.co,Aparece un mensaje de sesion expirada cada cinco minutos,El caso fue reportado por telefono y se registra para trazabilidad.,cerrado,0
TK-00537,2025-10-05,2025-10-08,Compras,nomina,media,mesa de ayuda,usuario043@lafortuna.com.co,Diferencia en el pago de horas extras,El solicitante indica que la novedad se presenta de forma intermitente desde hace tres dias.,cerrado,0
TK-00349,2025-11-24,2025-12-16,Calidad,viaticos,media,telefono,usuario008@lafortuna.com.co,Cual es el monto autorizado para hospedaje,Requerimiento remitido por la jefatura del area para gestion.,cerrado,0
TK-01955,2025-02-22,2025-03-03,Infraestructura,aplicaciones,critica,mesa de ayuda,usuario136@lafortuna.com.co,Necesito que instalen el visor de planos,Requerimiento remitido por la jefatura del area para gestion.,cerrado,0
TK-00026,2025-04-16,2025-05-26,Contabilidad,gestion_de_accesos,baja,formulario,usuario010@lafortuna.com.co,No puedo entrar al sistema Centrica,El solicitante indica que la novedad se presenta de forma intermitente desde hace tres dias.,cerrado,0
TK-01418,2025-08-08,,Compras,gestion_de_accesos,baja,formulario,usuario107@lafortuna.com.co,Necesito acceso a la carpeta compartida de mi area,Requerimiento remitido por la jefatura del area para gestion.,abierto,0
TK-00425,2025-04-20,2025-05-08,Calidad,nomina,media,formulario web,usuario177@lafortuna.com.co,Diferencia en el pago de horas extras,Se solicita atencion prioritaria porque afecta la operacion del area y el cierre del periodo.,cerrado,0
TK-00613,2025-10-22,2025-11-19,Aplicaciones,viaticos,baja,correo,usuario053@lafortuna.com.co,Necesito anticipo para comision,,en_proceso,0
TK-01509,2025-07-05,2025-08-04,Comercial,vacaciones,media,correo,usuario068@lafortuna.com.co,Me negaron las vacaciones solicitadas,,en_proceso,0
TK-01909,2026-03-24,,Calidad,red,media,formulario web,usuario140@lafortuna.com.co,Muy lenta la conexion en la bodega,Se solicita atencion prioritaria porque afecta la operacion del area y el cierre del periodo.,abierto,0
TK-01461,2025-07-31,2025-08-17,Compras,capacitacion,media,correo,usuario025@lafortuna.com.co,Necesito material del curso de la semana pasada,Requerimiento remitido por la jefatura del area para gestion.,cerrado,0
TK-01841,2025-04-19,,Aplicaciones,viaticos,alta,correo,usuario131@lafortuna.com.co,Cual es el monto autorizado para hospedaje,,abierto,0
TK-00891,2025-05-25,,Comercial,hardware,critica,formulario,usuario160@lafortuna.com.co,La impresora de la sede norte imprime rayada,Se adjunta captura de pantalla del mensaje de error recibido.,reabierto,2
TK-00502,2025-02-14,,Talento Humano,aplicaciones,media,formulario web,usuario018@lafortuna.com.co,Aparece un mensaje de sesion expirada cada cinco minutos,El solicitante indica que la novedad se presenta de forma intermitente desde hace tres dias.,en_proceso,0
TK-01037,2025-04-12,2025-04-26,Infraestructura,compras,media,mesa de ayuda,usuario038@lafortuna.com.co,Estado de la orden de compra 4471,El caso fue reportado por telefono y se registra para trazabilidad.,cerrado,0
TK-00689,2025-02-16,2025-02-25,Talento Humano,red,media,formulario,usuario012@lafortuna.com.co,No carga el sistema desde la sede sur,Se solicita atencion prioritaria porque afecta la operacion del area y el cierre del periodo.,en_proceso,0
TK-00382,2026-05-13,,Aplicaciones,reportes,alta,telefono,usuario008@lafortuna.com.co,El reporte no incluye la sede nueva,El caso fue reportado por telefono y se registra para trazabilidad.,abierto,0
TK-01693,2026-02-13,,Calidad,nomina,media,telefono,usuario036@lafortuna.com.co,Solicito certificado laboral con salario,El solicitante indica que la novedad se presenta de forma intermitente desde hace tres dias.,abierto,0
TK-01306,2025-01-10,2025-01-10,Comercial,viaticos,alta,correo,usuario083@lafortuna.com.co,Necesito anticipo para comision,Se solicita atencion prioritaria porque afecta la operacion del area y el cierre del periodo.,cerrado,1
TK-01884,2025-06-28,2025-06-28,Aplicaciones,software,baja,formulario web,usuario091@lafortuna.com.co,La version instalada no coincide con la del area,Se solicita atencion prioritaria porque afecta la operacion del area y el cierre del periodo.,cerrado,0
TK-00838,2025-09-25,,Calidad,gestion_de_accesos,critica,formulario,usuario042@lafortuna.com.co,Solicito permiso al modulo de cartera,Se solicita atencion prioritaria porque afecta la operacion del area y el cierre del periodo.,reabierto,2
TK-01289,2026-03-18,2026-04-20,Calidad,viaticos,baja,telefono,usuario159@lafortuna.com.co,Necesito anticipo para comision,Se solicita atencion prioritaria porque afecta la operacion del area y el cierre del periodo.,cerrado,0
TK-01224,2025-09-22,,Compras,hardware,media,correo,usuario064@lafortuna.com.co,La impresora de la sede norte imprime rayada,El caso fue reportado por telefono y se registra para trazabilidad.,reabierto,3
TK-00208,2026-03-13,,Operaciones,compras,media,formulario,usuario071@lafortuna.com.co,El proveedor no ha entregado lo solicitado,El usuario reporta la novedad desde el inicio de la jornada y requiere solucion para continuar con su labor.,escalado,0
TK-00944,2025-06-29,2025-08-08,Infraestructura,software,media,telefono,usuario170@lafortuna.com.co,Aparece un mensaje de sesion expirada cada cinco minutos,,cerrado,0
TK-00527,2026-03-06,,Contabilidad,capacitacion,media,formulario web,usuario052@lafortuna.com.co,Solicito capacitacion en el modulo nuevo,El caso fue reportado por telefono y se registra para trazabilidad.,abierto,0
TK-01156,2026-06-23,2026-07-20,Aplicaciones,hardware,critica,formulario,usuario023@lafortuna.com.co,Necesito un monitor adicional para el puesto,Requerimiento remitido por la jefatura del area para gestion.,cerrado,0
TK-00298,2025-08-25,,Aplicaciones,aplicaciones,baja,mesa de ayuda,usuario078@lafortuna.com.co,Necesito que instalen el visor de planos,Requerimiento remitido por la jefatura del area para gestion.,en_proceso,0
TK-00957,2026-01-16,2026-02-18,Compras,red,alta,mesa de ayuda,usuario112@lafortuna.com.co,Sin internet en el segundo piso,Requerimiento remitido por la jefatura del area para gestion.,cerrado,0
TK-01768,2025-12-28,,Compras,compras,media,mesa de ayuda,usuario164@lafortuna.com.co,El proveedor no ha entregado lo solicitado,El caso fue reportado por telefono y se registra para trazabilidad.,en_proceso,0
TK-00408,2025-06-15,2025-07-21,Infraestructura,software,baja,telefono,usuario070@lafortuna.com.co,Necesito que instalen el visor de planos,,cerrado,0
TK-00639,2026-01-09,2026-02-22,Talento Humano,reportes,media,correo,usuario171@lafortuna.com.co,Solicito exportar el listado a Excel,El usuario reporta la novedad desde el inicio de la jornada y requiere solucion para continuar con su labor.,en_proceso,0
TK-00792,2025-05-06,,Compras,red,media,correo,usuario113@lafortuna.com.co,Sin internet en el segundo piso,El caso fue reportado por telefono y se registra para trazabilidad.,escalado,0
TK-01059,2025-05-19,,Talento Humano,accesos,alta,telefono,usuario003@lafortuna.com.co,Me retiraron el acceso y aun trabajo en el proceso,Se adjunta captura de pantalla del mensaje de error recibido.,abierto,0
TK-01189,2026-01-05,,Contabilidad,compras,baja,correo,usuario172@lafortuna.com.co,Como registro un proveedor nuevo,Se adjunta captura de pantalla del mensaje de error recibido.,abierto,0
TK-00652,2025-11-20,,Contabilidad,software,critica,mesa de ayuda,usuario149@lafortuna.com.co,Necesito que instalen el visor de planos,El caso fue reportado por telefono y se registra para trazabilidad.,en_proceso,0
TK-01617,2025-08-30,,Comercial,vacaciones,alta,mesa de ayuda,usuario001@lafortuna.com.co,Con cuanta anticipacion debo solicitar vacaciones,El solicitante indica que la novedad se presenta de forma intermitente desde hace tres dias.,abierto,0
TK-00773,2025-09-14,,Talento Humano,software,baja,telefono,usuario060@lafortuna.com.co,Necesito que instalen el visor de planos,El caso fue reportado por telefono y se registra para trazabilidad.,abierto,0
TK-01238,2026-03-17,2026-04-07,Contabilidad,accesos,alta,telefono,usuario119@lafortuna.com.co,Me retiraron el acceso y aun trabajo en el proceso,Requerimiento remitido por la jefatura del area para gestion.,cerrado,0
TK-00282,2026-04-11,2026-04-12,Aplicaciones,gestion_de_accesos,alta,formulario web,usuario095@lafortuna.com.co,Me retiraron el acceso y aun trabajo en el proceso,El caso fue reportado por telefono y se registra para trazabilidad.,reabierto,0
TK-01679,2026-05-08,,Infraestructura,accesos,media,correo,usuario030@lafortuna.com.co,No puedo entrar al sistema Centrica,Se solicita atencion prioritaria porque afecta la operacion del area y el cierre del periodo.,escalado,0
TK-01485,2025-11-19,2025-12-24,Aplicaciones,aplicaciones,alta,telefono,usuario056@lafortuna.com.co,Necesito que instalen el visor de planos,El usuario reporta la novedad desde el inicio de la jornada y requiere solucion para continuar con su labor.,cerrado,0
TK-00844,2025-02-10,,Contabilidad,accesos,media,correo,usuario021@lafortuna.com.co,Solicito permiso al modulo de cartera,Requerimiento remitido por la jefatura del area para gestion.,reabierto,3
TK-01133,2025-12-28,2026-01-09,Contabilidad,compras,alta,correo,usuario107@lafortuna.com.co,Como registro un proveedor nuevo,El usuario reporta la novedad desde el inicio de la jornada y requiere solucion para continuar con su labor.,cerrado,0
TK-00256,2025-04-30,,Talento Humano,hardware,media,formulario web,usuario057@lafortuna.com.co,La impresora de la sede norte imprime rayada,El usuario reporta la novedad desde el inicio de la jornada y requiere solucion para continuar con su labor.,reabierto,1
TK-01563,2025-07-21,,Comercial,reportes,alta,correo,usuario149@lafortuna.com.co,El reporte no incluye la sede nueva,,reabierto,1
TK-00412,2025-03-25,2025-05-09,Compras,otros,baja,correo,usuario029@lafortuna.com.co,Consulta general,El solicitante indica que la novedad se presenta de forma intermitente desde hace tres dias.,cerrado,1
TK-00576,2026-04-04,,Talento Humano,aplicaciones,media,formulario,usuario007@lafortuna.com.co,Aparece un mensaje de sesion expirada cada cinco minutos,Se adjunta captura de pantalla del mensaje de error recibido.,reabierto,1
TK-01198,2025-11-18,,Calidad,compras,media,telefono,usuario164@lafortuna.com.co,Necesito cotizacion para equipos de la bodega,,reabierto,2
TK-01126,2026-06-17,,Aplicaciones,hardware,baja,formulario,usuario071@lafortuna.com.co,El portatil no enciende desde ayer,Requerimiento remitido por la jefatura del area para gestion.,reabierto,2
TK-00947,2025-07-02,2025-08-12,Calidad,capacitacion,baja,mesa de ayuda,usuario095@lafortuna.com.co,Cuando es la proxima induccion,Se solicita atencion prioritaria porque afecta la operacion del area y el cierre del periodo.,cerrado,0
TK-00317,2025-01-16,,Operaciones,hardware,media,telefono,usuario130@lafortuna.com.co,El portatil no enciende desde ayer,El solicitante indica que la novedad se presenta de forma intermitente desde hace tres dias.,escalado,0
TK-01774,2025-09-28,,Contabilidad,compras,baja,telefono,usuario060@lafortuna.com.co,Estado de la orden de compra 4471,El usuario reporta la novedad desde el inicio de la jornada y requiere solucion para continuar con su labor.,reabierto,1
TK-00800,2025-07-27,,Calidad,reportes,critica,telefono,usuario152@lafortuna.com.co,El reporte no incluye la sede nueva,,escalado,0
TK-00253,2026-04-27,,Infraestructura,gestion_de_accesos,baja,telefono,usuario130@lafortuna.com.co,No puedo entrar al sistema Centrica,Requerimiento remitido por la jefatura del area para gestion.,reabierto,1
TK-01559,2025-04-23,2025-05-13,Comercial,accesos,alta,correo,usuario128@lafortuna.com.co,Solicito permiso al modulo de cartera,Requerimiento remitido por la jefatura del area para gestion.,cerrado,0
TK-00164,2025-12-23,,Operaciones,incidente,alta,telefono,usuario159@lafortuna.com.co,Se cayo el servicio de facturacion,El usuario reporta la novedad desde el inicio de la jornada y requiere solucion para continuar con su labor.,en_proceso,0
TK-00569,2025-06-18,,Operaciones,incidente,alta,telefono,usuario093@lafortuna.com.co,Se cayo el servicio de facturacion,Se solicita atencion prioritaria porque afecta la operacion del area y el cierre del periodo.,escalado,0
TK-01885,2025-07-29,2025-08-29,Compras,red,critica,formulario,usuario161@lafortuna.com.co,Muy lenta la conexion en la bodega,Requerimiento remitido por la jefatura del area para gestion.,cerrado,0
TK-00627,2026-01-30,,Aplicaciones,aplicaciones,media,formulario web,usuario166@lafortuna.com.co,Necesito que instalen el visor de planos,,escalado,0
TK-00213,2025-10-01,2025-11-05,Talento Humano,viaticos,critica,telefono,usuario125@lafortuna.com.co,Cual es el monto autorizado para hospedaje,Se solicita atencion prioritaria porque afecta la operacion del area y el cierre del periodo.,cerrado,1
TK-00371,2026-03-20,,Aplicaciones,viaticos,media,telefono,usuario087@lafortuna.com.co,Cual es el monto autorizado para hospedaje,Requerimiento remitido por la jefatura del area para gestion.,reabierto,1
TK-00449,2025-06-15,,Infraestructura,aplicaciones,critica,formulario,usuario168@lafortuna.com.co,Aparece un mensaje de sesion expirada cada cinco minutos,El usuario reporta la novedad desde el inicio de la jornada y requiere solucion para continuar con su labor.,abierto,0
TK-01365,2025-09-10,2025-09-10,Operaciones,capacitacion,alta,correo,usuario077@lafortuna.com.co,Necesito material del curso de la semana pasada,,cerrado,0
TK-00457,2025-06-06,,Infraestructura,hardware,baja,telefono,usuario105@lafortuna.com.co,El teclado dejo de responder,El solicitante indica que la novedad se presenta de forma intermitente desde hace tres dias.,abierto,0
TK-01812,2026-05-07,,Operaciones,vacaciones,alta,telefono,usuario157@lafortuna.com.co,Puedo dividir mis vacaciones en dos periodos,Se adjunta captura de pantalla del mensaje de error recibido.,en_proceso,0
TK-00196,2025-09-14,,Infraestructura,compras,alta,telefono,usuario046@lafortuna.com.co,Estado de la orden de compra 4471,El usuario reporta la novedad desde el inicio de la jornada y requiere solucion para continuar con su labor.,abierto,0
TK-00606,2026-03-31,,Calidad,viaticos,alta,telefono,usuario063@lafortuna.com.co,Cual es el monto autorizado para hospedaje,Se adjunta captura de pantalla del mensaje de error recibido.,abierto,0
TK-01845,2026-03-03,,Infraestructura,hardware,critica,telefono,usuario013@lafortuna.com.co,La impresora de la sede norte imprime rayada,El solicitante indica que la novedad se presenta de forma intermitente desde hace tres dias.,reabierto,3
TK-00923,2025-01-12,,Compras,accesos,critica,mesa de ayuda,usuario004@lafortuna.com.co,Solicito permiso al modulo de cartera,El solicitante indica que la novedad se presenta de forma intermitente desde hace tres dias.,abierto,0
TK-01960,2026-01-21,,Infraestructura,sin_clasificar,critica,telefono,usuario050@lafortuna.com.co,Solicitud varias,El caso fue reportado por telefono y se registra para trazabilidad.,reabierto,3
TK-01401,2025-10-17,,Calidad,otros,critica,correo,usuario127@lafortuna.com.co,Pendiente por definir,El caso fue reportado por telefono y se registra para trazabilidad.,abierto,0
TK-01862,2025-09-08,,Calidad,red,baja,correo,usuario016@lafortuna.com.co,No carga el sistema desde la sede sur,El solicitante indica que la novedad se presenta de forma intermitente desde hace tres dias.,abierto,0
TK-00845,2025-09-21,2025-10-23,Calidad,reportes,media,formulario,usuario158@lafortuna.com.co,El informe muestra cifras distintas al sistema,Se adjunta captura de pantalla del mensaje de error recibido.,cerrado,0
TK-00605,2025-11-03,2025-11-07,Calidad,incidente,media,formulario,usuario001@lafortuna.com.co,Se cayo el servicio de facturacion,,cerrado,0
TK-01570,2026-01-05,2026-02-09,Calidad,aplicaciones,baja,telefono,usuario059@lafortuna.com.co,La aplicacion se cierra al generar el informe,El usuario reporta la novedad desde el inicio de la jornada y requiere solucion para continuar con su labor.,reabierto,2
TK-00814,2026-01-07,,Compras,sin_clasificar,baja,correo,usuario095@lafortuna.com.co,Consulta general,El usuario reporta la novedad desde el inicio de la jornada y requiere solucion para continuar con su labor.,reabierto,3
TK-00163,2026-04-24,2026-05-27,Infraestructura,red,baja,mesa de ayuda,usuario109@lafortuna.com.co,Sin internet en el segundo piso,Se adjunta captura de pantalla del mensaje de error recibido.,cerrado,1
TK-00750,2026-02-03,,Compras,compras,critica,mesa de ayuda,usuario160@lafortuna.com.co,El proveedor no ha entregado lo solicitado,Requerimiento remitido por la jefatura del area para gestion.,reabierto,3
TK-01146,2025-06-10,,Comercial,gestion_de_accesos,alta,telefono,usuario023@lafortuna.com.co,Me retiraron el acceso y aun trabajo en el proceso,El caso fue reportado por telefono y se registra para trazabilidad.,reabierto,2
TK-00965,2025-06-26,2025-07-23,Calidad,otros,baja,formulario web,usuario043@lafortuna.com.co,Requerimiento del area,Se solicita atencion prioritaria porque afecta la operacion del area y el cierre del periodo.,cerrado,0
TK-00161,2025-04-20,2025-04-21,Comercial,hardware,media,telefono,usuario113@lafortuna.com.co,La impresora de la sede norte imprime rayada,Se adjunta captura de pantalla del mensaje de error recibido.,cerrado,0
TK-01422,2025-10-24,,Aplicaciones,otros,media,correo,usuario165@lafortuna.com.co,Pendiente por definir,El usuario reporta la novedad desde el inicio de la jornada y requiere solucion para continuar con su labor.,en_proceso,0
TK-00743,2025-05-02,,Comercial,hardware,critica,formulario web,usuario073@lafortuna.com.co,El teclado dejo de responder,Se adjunta captura de pantalla del mensaje de error recibido.,reabierto,0
TK-01004,2026-02-08,2026-03-02,Calidad,aplicaciones,alta,telefono,usuario028@lafortuna.com.co,La version instalada no coincide con la del area,Se solicita atencion prioritaria porque afecta la operacion del area y el cierre del periodo.,cerrado,0
TK-01562,2026-06-04,,Talento Humano,red,alta,telefono,usuario135@lafortuna.com.co,No carga el sistema desde la sede sur,Requerimiento remitido por la jefatura del area para gestion.,en_proceso,0
TK-01891,2025-03-20,,Talento Humano,otros,alta,formulario,usuario010@lafortuna.com.co,Consulta general,Requerimiento remitido por la jefatura del area para gestion.,reabierto,1
TK-00190,2026-01-30,2026-02-18,Operaciones,compras,alta,mesa de ayuda,usuario086@lafortuna.com.co,Necesito cotizacion para equipos de la bodega,,cerrado,0
TK-00001,2026-06-10,2026-06-20,Talento Humano,vacaciones,alta,telefono,usuario095@lafortuna.com.co,Me negaron las vacaciones solicitadas,El usuario reporta la novedad desde el inicio de la jornada y requiere solucion para continuar con su labor.,cerrado,0
TK-00796,2025-10-05,,Comercial,capacitacion,critica,correo,usuario044@lafortuna.com.co,Cuando es la proxima induccion,Requerimiento remitido por la jefatura del area para gestion.,abierto,0
TK-00514,2025-12-16,,Infraestructura,nomina,media,mesa de ayuda,usuario038@lafortuna.com.co,No me llego el desprendible de pago,Se adjunta captura de pantalla del mensaje de error recibido.,reabierto,2
TK-01474,2025-01-08,2025-02-01,Comercial,accesos,alta,mesa de ayuda,usuario161@lafortuna.com.co,Se bloqueo mi usuario tras varios intentos,El solicitante indica que la novedad se presenta de forma intermitente desde hace tres dias.,cerrado,0
TK-00517,2025-07-18,,Talento Humano,accesos,alta,formulario web,usuario119@lafortuna.com.co,Necesito acceso a la carpeta compartida de mi area,Requerimiento remitido por la jefatura del area para gestion.,abierto,0
TK-01858,2025-12-05,,Compras,software,alta,correo,usuario124@lafortuna.com.co,Aparece un mensaje de sesion expirada cada cinco minutos,El usuario reporta la novedad desde el inicio de la jornada y requiere solucion para continuar con su labor.,reabierto,3
TK-00499,2025-04-02,,Comercial,hardware,alta,correo,usuario106@lafortuna.com.co,El teclado dejo de responder,El usuario reporta la novedad desde el inicio de la jornada y requiere solucion para continuar con su labor.,en_proceso,0
TK-01149,2025-01-24,,Talento Humano,compras,alta,telefono,usuario075@lafortuna.com.co,El proveedor no ha entregado lo solicitado,El solicitante indica que la novedad se presenta de forma intermitente desde hace tres dias.,reabierto,3
TK-01815,2025-08-11,,Compras,software,critica,mesa de ayuda,usuario049@lafortuna.com.co,Error al guardar el formulario de ingreso,,abierto,0
TK-00633,2025-06-17,2025-07-18,Calidad,compras,alta,telefono,usuario004@lafortuna.com.co,Como registro un proveedor nuevo,,cerrado,0
TK-00300,2025-03-09,2025-04-01,Infraestructura,accesos,alta,formulario web,usuario168@lafortuna.com.co,Me retiraron el acceso y aun trabajo en el proceso,Requerimiento remitido por la jefatura del area para gestion.,reabierto,1
TK-00391,2026-03-31,2026-04-18,Contabilidad,reportes,baja,telefono,usuario010@lafortuna.com.co,El reporte no incluye la sede nueva,El usuario reporta la novedad desde el inicio de la jornada y requiere solucion para continuar con su labor.,cerrado,0
TK-01758,2026-04-22,2026-05-31,Infraestructura,aplicaciones,media,telefono,usuario079@lafortuna.com.co,La aplicacion se cierra al generar el informe,Requerimiento remitido por la jefatura del area para gestion.,cerrado,0
TK-00910,2026-05-06,,Operaciones,incidente,baja,correo,usuario049@lafortuna.com.co,Los usuarios reportan lentitud generalizada,Se solicita atencion prioritaria porque afecta la operacion del area y el cierre del periodo.,reabierto,1
TK-01458,2025-11-09,,Compras,software,critica,formulario,usuario150@lafortuna.com.co,Necesito que instalen el visor de planos,El caso fue reportado por telefono y se registra para trazabilidad.,abierto,0
TK-01654,2025-02-20,,Compras,sin_clasificar,alta,telefono,usuario128@lafortuna.com.co,Pendiente por definir,Requerimiento remitido por la jefatura del area para gestion.,en_proceso,0
TK-00573,2026-03-26,2026-04-28,Comercial,red,alta,formulario,usuario155@lafortuna.com.co,Sin internet en el segundo piso,El solicitante indica que la novedad se presenta de forma intermitente desde hace tres dias.,cerrado,0
TK-01671,2025-01-02,2025-01-08,Compras,gestion_de_accesos,critica,correo,usuario128@lafortuna.com.co,Solicito permiso al modulo de cartera,Requerimiento remitido por la jefatura del area para gestion.,cerrado,0
TK-01869,2025-10-20,2025-10-21,Comercial,vacaciones,alta,telefono,usuario041@lafortuna.com.co,Con cuanta anticipacion debo solicitar vacaciones,Se solicita atencion prioritaria porque afecta la operacion del area y el cierre del periodo.,reabierto,1
TK-00237,2026-06-25,,Talento Humano,sin_clasificar,critica,correo,usuario042@lafortuna.com.co,Solicitud varias,Requerimiento remitido por la jefatura del area para gestion.,reabierto,1
TK-00097,2025-08-07,,Infraestructura,vacaciones,media,mesa de ayuda,usuario030@lafortuna.com.co,Cuantos dias tengo acumulados,,escalado,0
TK-01957,2025-06-03,,Talento Humano,vacaciones,alta,mesa de ayuda,usuario098@lafortuna.com.co,Puedo dividir mis vacaciones en dos periodos,El solicitante indica que la novedad se presenta de forma intermitente desde hace tres dias.,en_proceso,0
TK-01082,2026-02-04,,Compras,capacitacion,alta,correo,usuario030@lafortuna.com.co,Solicito capacitacion en el modulo nuevo,Requerimiento remitido por la jefatura del area para gestion.,en_proceso,0
TK-01622,2025-11-18,,Compras,viaticos,baja,correo,usuario100@lafortuna.com.co,Cual es el monto autorizado para hospedaje,Se adjunta captura de pantalla del mensaje de error recibido.,abierto,0
TK-00710,2025-07-24,,Comercial,sin_clasificar,critica,mesa de ayuda,usuario093@lafortuna.com.co,Pendiente por definir,El caso fue reportado por telefono y se registra para trazabilidad.,en_proceso,0
TK-00351,2025-01-13,,Operaciones,viaticos,baja,formulario web,usuario015@lafortuna.com.co,Como legalizo los viaticos del viaje a la costa,El solicitante indica que la novedad se presenta de forma intermitente desde hace tres dias.,reabierto,1
TK-00372,2025-06-19,,Talento Humano,incidente,media,mesa de ayuda,usuario095@lafortuna.com.co,Caida total del sistema en la sede principal,El solicitante indica que la novedad se presenta de forma intermitente desde hace tres dias.,en_proceso,0
TK-00541,2025-08-19,2025-09-28,Calidad,accesos,alta,formulario web,usuario101@lafortuna.com.co,No puedo entrar al sistema Centrica,,reabierto,3
TK-00447,2025-05-01,,Compras,red,critica,telefono,usuario056@lafortuna.com.co,No carga el sistema desde la sede sur,,en_proceso,0
TK-01067,2026-06-03,,Aplicaciones,otros,baja,mesa de ayuda,usuario068@lafortuna.com.co,Consulta general,El caso fue reportado por telefono y se registra para trazabilidad.,abierto,0
TK-00401,2026-04-13,,Compras,otros,media,mesa de ayuda,usuario075@lafortuna.com.co,Requerimiento del area,,en_proceso,0
TK-00940,2025-04-23,,Infraestructura,red,alta,mesa de ayuda,usuario019@lafortuna.com.co,Muy lenta la conexion en la bodega,Se solicita atencion prioritaria porque afecta la operacion del area y el cierre del periodo.,abierto,0
TK-00347,2025-02-25,,Talento Humano,compras,critica,formulario,usuario128@lafortuna.com.co,Como registro un proveedor nuevo,Se adjunta captura de pantalla del mensaje de error recibido.,en_proceso,0
TK-00320,2025-11-11,,Talento Humano,sin_clasificar,alta,telefono,usuario108@lafortuna.com.co,Requerimiento del area,El solicitante indica que la novedad se presenta de forma intermitente desde hace tres dias.,abierto,0
TK-01596,2025-03-17,2025-03-21,Talento Humano,hardware,media,telefono,usuario176@lafortuna.com.co,El teclado dejo de responder,El caso fue reportado por telefono y se registra para trazabilidad.,reabierto,3
TK-00226,2026-04-08,,Calidad,red,critica,mesa de ayuda,usuario063@lafortuna.com.co,Sin internet en el segundo piso,Requerimiento remitido por la jefatura del area para gestion.,reabierto,1
TK-00897,2025-02-10,,Operaciones,reportes,media,correo,usuario176@lafortuna.com.co,Solicito exportar el listado a Excel,El solicitante indica que la novedad se presenta de forma intermitente desde hace tres dias.,abierto,0
TK-01585,2025-06-15,2025-07-30,Aplicaciones,hardware,media,formulario,usuario171@lafortuna.com.co,El portatil no enciende desde ayer,Se solicita atencion prioritaria porque afecta la operacion del area y el cierre del periodo.,cerrado,0
TK-01241,2025-05-28,,Aplicaciones,reportes,baja,formulario web,usuario005@lafortuna.com.co,El informe muestra cifras distintas al sistema,El usuario reporta la novedad desde el inicio de la jornada y requiere solucion para continuar con su labor.,abierto,0
TK-00851,2025-08-09,,Infraestructura,hardware,critica,mesa de ayuda,usuario033@lafortuna.com.co,El portatil no enciende desde ayer,El solicitante indica que la novedad se presenta de forma intermitente desde hace tres dias.,reabierto,3
TK-00758,2025-07-24,,Talento Humano,sin_clasificar,critica,correo,usuario028@lafortuna.com.co,Requerimiento del area,Se solicita atencion prioritaria porque afecta la operacion del area y el cierre del periodo.,en_proceso,0
TK-00608,2025-02-05,,Operaciones,conectividad,baja,correo,usuario063@lafortuna.com.co,Muy lenta la conexion en la bodega,El solicitante indica que la novedad se presenta de forma intermitente desde hace tres dias.,en_proceso,0
TK-01381,2026-02-26,,Calidad,compras,alta,correo,usuario024@lafortuna.com.co,Necesito cotizacion para equipos de la bodega,El caso fue reportado por telefono y se registra para trazabilidad.,en_proceso,0
TK-00325,2026-02-10,,Infraestructura,accesos,baja,formulario,usuario140@lafortuna.com.co,Necesito acceso a la carpeta compartida de mi area,El caso fue reportado por telefono y se registra para trazabilidad.,abierto,0
TK-00433,2025-01-24,2025-01-25,Talento Humano,accesos,baja,telefono,usuario111@lafortuna.com.co,Se bloqueo mi usuario tras varios intentos,,cerrado,0
TK-01790,2025-07-01,,Infraestructura,vacaciones,media,telefono,usuario017@lafortuna.com.co,Puedo dividir mis vacaciones en dos periodos,El caso fue reportado por telefono y se registra para trazabilidad.,reabierto,3
TK-00687,2025-12-31,,Aplicaciones,otros,alta,correo,usuario138@lafortuna.com.co,Consulta general,El usuario reporta la novedad desde el inicio de la jornada y requiere solucion para continuar con su labor.,reabierto,2
TK-01902,2025-02-07,,Talento Humano,incidente,media,mesa de ayuda,usuario016@lafortuna.com.co,Los usuarios reportan lentitud generalizada,El caso fue reportado por telefono y se registra para trazabilidad.,reabierto,3
TK-00970,2025-11-01,,Calidad,hardware,critica,mesa de ayuda,usuario150@lafortuna.com.co,Solicito reposicion de diadema danada,Se solicita atencion prioritaria porque afecta la operacion del area y el cierre del periodo.,escalado,0
TK-01473,2026-03-02,,Talento Humano,conectividad,alta,formulario,usuario180@lafortuna.com.co,No carga el sistema desde la sede sur,El solicitante indica que la novedad se presenta de forma intermitente desde hace tres dias.,reabierto,3
TK-00596,2025-07-24,2025-09-05,Contabilidad,software,alta,correo,usuario136@lafortuna.com.co,La version instalada no coincide con la del area,Requerimiento remitido por la jefatura del area para gestion.,cerrado,0
TK-01310,2025-04-29,2025-06-11,Comercial,software,baja,formulario,usuario108@lafortuna.com.co,La aplicacion se cierra al generar el informe,Se solicita atencion prioritaria porque afecta la operacion del area y el cierre del periodo.,en_proceso,0
TK-00708,2025-08-15,,Aplicaciones,capacitacion,critica,formulario,usuario111@lafortuna.com.co,Necesito material del curso de la semana pasada,El usuario reporta la novedad desde el inicio de la jornada y requiere solucion para continuar con su labor.,reabierto,2
TK-01700,2026-05-11,2026-05-26,Infraestructura,accesos,critica,formulario,usuario115@lafortuna.com.co,Se bloqueo mi usuario tras varios intentos,Requerimiento remitido por la jefatura del area para gestion.,escalado,0
TK-00932,2025-07-12,,Calidad,nomina,alta,telefono,usuario007@lafortuna.com.co,Error en el descuento de la quincena,El usuario reporta la novedad desde el inicio de la jornada y requiere solucion para continuar con su labor.,reabierto,2
TK-00772,2026-01-29,,Aplicaciones,hardware,baja,formulario web,usuario005@lafortuna.com.co,El teclado dejo de responder,Se solicita atencion prioritaria porque afecta la operacion del area y el cierre del periodo.,abierto,0
TK-01732,2026-01-25,,Contabilidad,vacaciones,baja,correo,usuario167@lafortuna.com.co,Me negaron las vacaciones solicitadas,El solicitante indica que la novedad se presenta de forma intermitente desde hace tres dias.,en_proceso,0
TK-01071,2025-02-06,,Comercial,software,alta,telefono,usuario113@lafortuna.com.co,Necesito que instalen el visor de planos,Se adjunta captura de pantalla del mensaje de error recibido.,reabierto,3
TK-01910,2025-02-28,,Comercial,software,alta,mesa de ayuda,usuario051@lafortuna.com.co,La aplicacion se cierra al generar el informe,Requerimiento remitido por la jefatura del area para gestion.,reabierto,2
TK-00956,2025-12-06,,Talento Humano,software,alta,correo,usuario127@lafortuna.com.co,La aplicacion se cierra al generar el informe,El usuario reporta la novedad desde el inicio de la jornada y requiere solucion para continuar con su labor.,reabierto,1
TK-01551,2025-12-24,2026-01-24,Aplicaciones,sin_clasificar,alta,correo,usuario063@lafortuna.com.co,Pendiente por definir,El usuario reporta la novedad desde el inicio de la jornada y requiere solucion para continuar con su labor.,cerrado,0
TK-00375,2025-12-19,,Infraestructura,incidente,alta,telefono,usuario006@lafortuna.com.co,Los usuarios reportan lentitud generalizada,El solicitante indica que la novedad se presenta de forma intermitente desde hace tres dias.,en_proceso,0
TK-01846,2025-08-29,,Operaciones,aplicaciones,baja,formulario web,usuario164@lafortuna.com.co,La aplicacion se cierra al generar el informe,Se solicita atencion prioritaria porque afecta la operacion del area y el cierre del periodo.,reabierto,2
TK-00948,2025-01-15,2025-01-30,Aplicaciones,hardware,critica,mesa de ayuda,usuario047@lafortuna.com.co,Solicito reposicion de diadema danada,Requerimiento remitido por la jefatura del area para gestion.,cerrado,0
TK-00402,2026-05-16,2026-06-09,Comercial,viaticos,alta,telefono,usuario064@lafortuna.com.co,Necesito anticipo para comision,El usuario reporta la novedad desde el inicio de la jornada y requiere solucion para continuar con su labor.,reabierto,3
TK-01317,2025-01-05,,Compras,nomina,critica,telefono,usuario055@lafortuna.com.co,Solicito certificado laboral con salario,Se solicita atencion prioritaria porque afecta la operacion del area y el cierre del periodo.,abierto,0
TK-00721,2026-02-19,,Talento Humano,hardware,alta,correo,usuario074@lafortuna.com.co,El portatil no enciende desde ayer,El usuario reporta la novedad desde el inicio de la jornada y requiere solucion para continuar con su labor.,abierto,0
TK-01476,2025-12-31,,Comercial,capacitacion,alta,mesa de ayuda,usuario132@lafortuna.com.co,Solicito capacitacion en el modulo nuevo,El usuario reporta la novedad desde el inicio de la jornada y requiere solucion para continuar con su labor.,en_proceso,0
TK-01754,2025-05-17,,Infraestructura,conectividad,media,correo,usuario055@lafortuna.com.co,Sin internet en el segundo piso,Se solicita atencion prioritaria porque afecta la operacion del area y el cierre del periodo.,en_proceso,0
TK-01481,2026-05-31,2026-06-18,Comercial,hardware,alta,formulario web,usuario116@lafortuna.com.co,El teclado dejo de responder,El solicitante indica que la novedad se presenta de forma intermitente desde hace tres dias.,reabierto,3
TK-00042,2025-08-20,2025-10-03,Talento Humano,hardware,baja,telefono,usuario065@lafortuna.com.co,La impresora de la sede norte imprime rayada,El caso fue reportado por telefono y se registra para trazabilidad.,en_proceso,0
TK-00759,2026-05-30,,Compras,conectividad,critica,telefono,usuario132@lafortuna.com.co,La VPN se desconecta cada media hora,Se solicita atencion prioritaria porque afecta la operacion del area y el cierre del periodo.,escalado,0
TK-01483,2026-02-25,,Calidad,reportes,alta,telefono,usuario165@lafortuna.com.co,El reporte no incluye la sede nueva,Se adjunta captura de pantalla del mensaje de error recibido.,reabierto,3
TK-01343,2025-03-27,2025-04-07,Infraestructura,reportes,critica,telefono,usuario128@lafortuna.com.co,Necesito el reporte de ventas del trimestre,Se solicita atencion prioritaria porque afecta la operacion del area y el cierre del periodo.,cerrado,0
TK-01849,2025-07-15,,Comercial,software,media,correo,usuario108@lafortuna.com.co,La version instalada no coincide con la del area,Requerimiento remitido por la jefatura del area para gestion.,reabierto,1
TK-01353,2025-01-31,,Compras,gestion_de_accesos,baja,formulario web,usuario159@lafortuna.com.co,Me retiraron el acceso y aun trabajo en el proceso,El caso fue reportado por telefono y se registra para trazabilidad.,abierto,0
TK-01888,2025-07-31,,Calidad,reportes,media,correo,usuario097@lafortuna.com.co,El informe muestra cifras distintas al sistema,El usuario reporta la novedad desde el inicio de la jornada y requiere solucion para continuar con su labor.,reabierto,3
TK-01925,2025-12-17,,Operaciones,gestion_de_accesos,media,telefono,usuario107@lafortuna.com.co,Se bloqueo mi usuario tras varios intentos,El usuario reporta la novedad desde el inicio de la jornada y requiere solucion para continuar con su labor.,reabierto,3
TK-00091,2025-07-15,,Comercial,reportes,alta,telefono,usuario116@lafortuna.com.co,El reporte no incluye la sede nueva,Se solicita atencion prioritaria porque afecta la operacion del area y el cierre del periodo.,reabierto,3
TK-01745,2025-06-08,,Comercial,hardware,media,telefono,usuario009@lafortuna.com.co,Necesito un monitor adicional para el puesto,Se adjunta captura de pantalla del mensaje de error recibido.,abierto,0
TK-01472,2026-02-04,2026-02-06,Compras,accesos,alta,correo,usuario036@lafortuna.com.co,Me retiraron el acceso y aun trabajo en el proceso,Se adjunta captura de pantalla del mensaje de error recibido.,cerrado,0
TK-00430,2025-06-02,,Aplicaciones,gestion_de_accesos,alta,mesa de ayuda,usuario037@lafortuna.com.co,Necesito acceso a la carpeta compartida de mi area,Requerimiento remitido por la jefatura del area para gestion.,reabierto,1
TK-01619,2026-05-06,2026-06-07,Contabilidad,aplicaciones,alta,correo,usuario100@lafortuna.com.co,Error al guardar el formulario de ingreso,Se solicita atencion prioritaria porque afecta la operacion del area y el cierre del periodo.,en_proceso,0
TK-00525,2026-03-23,,Contabilidad,sin_clasificar,alta,formulario,usuario112@lafortuna.com.co,Consulta general,Requerimiento remitido por la jefatura del area para gestion.,abierto,0
TK-00739,2025-08-13,2025-08-26,Compras,aplicaciones,critica,telefono,usuario092@lafortuna.com.co,Necesito que instalen el visor de planos,El usuario reporta la novedad desde el inicio de la jornada y requiere solucion para continuar con su labor.,cerrado,0
TK-01019,2025-07-27,,Calidad,software,baja,mesa de ayuda,usuario046@lafortuna.com.co,Aparece un mensaje de sesion expirada cada cinco minutos,Requerimiento remitido por la jefatura del area para gestion.,en_proceso,0
TK-00763,2025-11-12,2025-11-27,Aplicaciones,compras,media,correo,usuario111@lafortuna.com.co,Como registro un proveedor nuevo,El usuario reporta la novedad desde el inicio de la jornada y requiere solucion para continuar con su labor.,cerrado,0
TK-00343,2025-12-23,,Comercial,hardware,critica,correo,usuario029@lafortuna.com.co,Necesito un monitor adicional para el puesto,El caso fue reportado por telefono y se registra para trazabilidad.,en_proceso,0
TK-00318,2026-01-30,,Aplicaciones,accesos,baja,formulario,usuario162@lafortuna.com.co,Me retiraron el acceso y aun trabajo en el proceso,Se adjunta captura de pantalla del mensaje de error recibido.,reabierto,3
TK-00331,2026-02-16,2026-04-02,Contabilidad,nomina,alta,formulario,usuario166@lafortuna.com.co,Solicito certificado laboral con salario,El caso fue reportado por telefono y se registra para trazabilidad.,cerrado,1
TK-01115,2026-05-15,,Infraestructura,capacitacion,baja,correo,usuario016@lafortuna.com.co,Solicito capacitacion en el modulo nuevo,Se solicita atencion prioritaria porque afecta la operacion del area y el cierre del periodo.,abierto,0
TK-01672,2025-07-15,,Aplicaciones,viaticos,alta,telefono,usuario004@lafortuna.com.co,No me han reembolsado los gastos del mes pasado,,reabierto,1
TK-01760,2025-05-14,,Aplicaciones,otros,baja,correo,usuario111@lafortuna.com.co,Consulta general,Requerimiento remitido por la jefatura del area para gestion.,abierto,0
TK-01280,2025-03-19,,Operaciones,red,media,telefono,usuario017@lafortuna.com.co,La VPN se desconecta cada media hora,El usuario reporta la novedad desde el inicio de la jornada y requiere solucion para continuar con su labor.,abierto,0
TK-01358,2025-02-10,2025-02-10,Calidad,vacaciones,baja,correo,usuario045@lafortuna.com.co,Con cuanta anticipacion debo solicitar vacaciones,Requerimiento remitido por la jefatura del area para gestion.,cerrado,0
TK-01341,2026-02-27,,Infraestructura,gestion_de_accesos,critica,telefono,usuario063@lafortuna.com.co,Solicito permiso al modulo de cartera,Se adjunta captura de pantalla del mensaje de error recibido.,reabierto,1
TK-00497,2026-02-13,,Compras,compras,alta,correo,usuario158@lafortuna.com.co,Como registro un proveedor nuevo,,en_proceso,0
TK-00803,2025-05-19,,Comercial,capacitacion,critica,correo,usuario083@lafortuna.com.co,Cuando es la proxima induccion,El usuario reporta la novedad desde el inicio de la jornada y requiere solucion para continuar con su labor.,en_proceso,0
TK-01312,2026-05-03,2026-05-22,Operaciones,incidente,baja,mesa de ayuda,usuario059@lafortuna.com.co,Los usuarios reportan lentitud generalizada,El usuario reporta la novedad desde el inicio de la jornada y requiere solucion para continuar con su labor.,cerrado,0
TK-01933,2026-05-22,,Operaciones,conectividad,media,formulario,usuario101@lafortuna.com.co,La VPN se desconecta cada media hora,El usuario reporta la novedad desde el inicio de la jornada y requiere solucion para continuar con su labor.,abierto,0
TK-00554,2025-06-11,,Infraestructura,aplicaciones,critica,correo,usuario152@lafortuna.com.co,Aparece un mensaje de sesion expirada cada cinco minutos,El usuario reporta la novedad desde el inicio de la jornada y requiere solucion para continuar con su labor.,reabierto,2
TK-01810,2025-05-19,2025-06-06,Aplicaciones,nomina,alta,correo,usuario033@lafortuna.com.co,Solicito certificado laboral con salario,El solicitante indica que la novedad se presenta de forma intermitente desde hace tres dias.,cerrado,0
TK-00185,2025-05-06,,Compras,hardware,media,telefono,usuario033@lafortuna.com.co,Solicito reposicion de diadema danada,Se solicita atencion prioritaria porque afecta la operacion del area y el cierre del periodo.,abierto,0
TK-00287,2025-03-30,2025-04-22,Talento Humano,incidente,critica,correo,usuario044@lafortuna.com.co,Los usuarios reportan lentitud generalizada,El usuario reporta la novedad desde el inicio de la jornada y requiere solucion para continuar con su labor.,en_proceso,0
TK-01110,2025-11-03,,Talento Humano,compras,media,formulario,usuario145@lafortuna.com.co,El proveedor no ha entregado lo solicitado,Se solicita atencion prioritaria porque afecta la operacion del area y el cierre del periodo.,abierto,0
TK-01663,2026-02-18,,Operaciones,aplicaciones,alta,correo,usuario141@lafortuna.com.co,La aplicacion se cierra al generar el informe,El solicitante indica que la novedad se presenta de forma intermitente desde hace tres dias.,reabierto,0
TK-00717,2025-12-01,,Contabilidad,red,baja,telefono,usuario124@lafortuna.com.co,Sin internet en el segundo piso,Se adjunta captura de pantalla del mensaje de error recibido.,en_proceso,0
TK-00676,2025-01-10,,Infraestructura,incidente,critica,formulario web,usuario150@lafortuna.com.co,Los usuarios reportan lentitud generalizada,Se solicita atencion prioritaria porque afecta la operacion del area y el cierre del periodo.,en_proceso,0
TK-01942,2026-03-03,2026-04-06,Calidad,gestion_de_accesos,baja,telefono,usuario099@lafortuna.com.co,Necesito acceso a la carpeta compartida de mi area,,reabierto,2
TK-01390,2025-07-03,,Aplicaciones,gestion_de_accesos,alta,formulario,usuario071@lafortuna.com.co,Me retiraron el acceso y aun trabajo en el proceso,,abierto,0
TK-01426,2026-04-19,,Calidad,software,baja,formulario web,usuario159@lafortuna.com.co,Aparece un mensaje de sesion expirada cada cinco minutos,El caso fue reportado por telefono y se registra para trazabilidad.,reabierto,1
TK-00571,2026-02-02,,Operaciones,reportes,alta,mesa de ayuda,usuario060@lafortuna.com.co,El reporte no incluye la sede nueva,El usuario reporta la novedad desde el inicio de la jornada y requiere solucion para continuar con su labor.,reabierto,0
TK-01674,2026-03-31,,Comercial,accesos,media,correo,usuario078@lafortuna.com.co,Necesito acceso a la carpeta compartida de mi area,El solicitante indica que la novedad se presenta de forma intermitente desde hace tres dias.,abierto,0
TK-01954,2025-09-03,,Talento Humano,aplicaciones,alta,formulario web,usuario061@lafortuna.com.co,Error al guardar el formulario de ingreso,Se adjunta captura de pantalla del mensaje de error recibido.,reabierto,3
TK-01044,2025-10-31,2025-11-08,Talento Humano,aplicaciones,baja,correo,usuario125@lafortuna.com.co,Error al guardar el formulario de ingreso,Se adjunta captura de pantalla del mensaje de error recibido.,cerrado,1
TK-00102,2025-04-03,2025-04-15,Contabilidad,capacitacion,media,telefono,usuario084@lafortuna.com.co,Cuando es la proxima induccion,Requerimiento remitido por la jefatura del area para gestion.,cerrado,0
TK-00064,2026-01-15,,Contabilidad,software,alta,telefono,usuario048@lafortuna.com.co,Aparece un mensaje de sesion expirada cada cinco minutos,,reabierto,0
TK-01708,2026-04-19,,Aplicaciones,red,alta,correo,usuario089@lafortuna.com.co,No carga el sistema desde la sede sur,Se adjunta captura de pantalla del mensaje de error recibido.,abierto,0
TK-00116,2025-09-26,,Calidad,gestion_de_accesos,baja,correo,usuario102@lafortuna.com.co,Me retiraron el acceso y aun trabajo en el proceso,El usuario reporta la novedad desde el inicio de la jornada y requiere solucion para continuar con su labor.,reabierto,3
TK-01540,2025-08-11,,Operaciones,accesos,alta,formulario,usuario087@lafortuna.com.co,Me retiraron el acceso y aun trabajo en el proceso,El solicitante indica que la novedad se presenta de forma intermitente desde hace tres dias.,en_proceso,0
TK-01755,2025-03-25,2025-04-27,Comercial,hardware,alta,correo,usuario015@lafortuna.com.co,Solicito reposicion de diadema danada,El usuario reporta la novedad desde el inicio de la jornada y requiere solucion para continuar con su labor.,cerrado,0
TK-00181,2026-02-03,2026-03-07,Contabilidad,red,alta,formulario,usuario041@lafortuna.com.co,No carga el sistema desde la sede sur,El caso fue reportado por telefono y se registra para trazabilidad.,cerrado,1
TK-00522,2025-12-13,2025-12-19,Calidad,incidente,media,formulario web,usuario041@lafortuna.com.co,Los usuarios reportan lentitud generalizada,,escalado,0
TK-01928,2026-06-11,,Calidad,capacitacion,alta,formulario web,usuario010@lafortuna.com.co,Necesito material del curso de la semana pasada,,reabierto,2
TK-01239,2025-07-30,2025-09-06,Aplicaciones,otros,critica,correo,usuario009@lafortuna.com.co,Pendiente por definir,El caso fue reportado por telefono y se registra para trazabilidad.,cerrado,0
TK-01047,2026-05-29,2026-06-18,Aplicaciones,software,critica,formulario,usuario134@lafortuna.com.co,La version instalada no coincide con la del area,Se solicita atencion prioritaria porque afecta la operacion del area y el cierre del periodo.,en_proceso,0
TK-01859,2026-02-12,,Infraestructura,aplicaciones,critica,correo,usuario076@lafortuna.com.co,Aparece un mensaje de sesion expirada cada cinco minutos,El caso fue reportado por telefono y se registra para trazabilidad.,abierto,0
TK-01464,2026-05-01,,Contabilidad,red,media,correo,usuario150@lafortuna.com.co,Muy lenta la conexion en la bodega,El solicitante indica que la novedad se presenta de forma intermitente desde hace tres dias.,abierto,0
TK-00197,2025-02-26,2025-03-21,Aplicaciones,conectividad,critica,correo,usuario036@lafortuna.com.co,La VPN se desconecta cada media hora,El usuario reporta la novedad desde el inicio de la jornada y requiere solucion para continuar con su labor.,cerrado,0
TK-00807,2026-06-05,,Calidad,viaticos,critica,formulario web,usuario104@lafortuna.com.co,Necesito anticipo para comision,El solicitante indica que la novedad se presenta de forma intermitente desde hace tres dias.,en_proceso,0
TK-00549,2025-01-13,2025-02-14,Talento Humano,gestion_de_accesos,alta,correo,usuario076@lafortuna.com.co,Me retiraron el acceso y aun trabajo en el proceso,El caso fue reportado por telefono y se registra para trazabilidad.,cerrado,0
TK-01330,2025-12-15,,Aplicaciones,conectividad,alta,formulario web,usuario072@lafortuna.com.co,No carga el sistema desde la sede sur,Requerimiento remitido por la jefatura del area para gestion.,abierto,0
TK-01094,2025-08-11,,Talento Humano,otros,baja,formulario,usuario146@lafortuna.com.co,Requerimiento del area,El usuario reporta la novedad desde el inicio de la jornada y requiere solucion para continuar con su labor.,abierto,0
TK-01739,2026-04-03,,Contabilidad,nomina,alta,correo,usuario031@lafortuna.com.co,Solicito certificado laboral con salario,Se adjunta captura de pantalla del mensaje de error recibido.,abierto,0
TK-01408,2025-02-05,2025-02-23,Operaciones,software,critica,correo,usuario092@lafortuna.com.co,Error al guardar el formulario de ingreso,El solicitante indica que la novedad se presenta de forma intermitente desde hace tres dias.,cerrado,0
TK-01206,2026-02-05,,Compras,gestion_de_accesos,baja,formulario,usuario026@lafortuna.com.co,Necesito acceso a la carpeta compartida de mi area,El solicitante indica que la novedad se presenta de forma intermitente desde hace tres dias.,escalado,0
TK-01603,2025-09-08,,Talento Humano,conectividad,baja,correo,usuario153@lafortuna.com.co,Sin internet en el segundo piso,El usuario reporta la novedad desde el inicio de la jornada y requiere solucion para continuar con su labor.,abierto,0
TK-00309,2025-10-10,2025-11-16,Comercial,sin_clasificar,alta,telefono,usuario152@lafortuna.com.co,Solicitud varias,El solicitante indica que la novedad se presenta de forma intermitente desde hace tres dias.,cerrado,0
TK-00288,2025-08-03,,Infraestructura,vacaciones,baja,correo,usuario043@lafortuna.com.co,Cuantos dias tengo acumulados,El caso fue reportado por telefono y se registra para trazabilidad.,reabierto,3
TK-00841,2026-04-08,,Compras,vacaciones,critica,formulario,usuario110@lafortuna.com.co,Cuantos dias tengo acumulados,El usuario reporta la novedad desde el inicio de la jornada y requiere solucion para continuar con su labor.,escalado,0
TK-01066,2026-01-16,2026-02-26,Calidad,accesos,critica,telefono,usuario133@lafortuna.com.co,No puedo entrar al sistema Centrica,El solicitante indica que la novedad se presenta de forma intermitente desde hace tres dias.,cerrado,0
TK-01687,2026-05-16,,Calidad,software,baja,formulario web,usuario164@lafortuna.com.co,Aparece un mensaje de sesion expirada cada cinco minutos,Se solicita atencion prioritaria porque afecta la operacion del area y el cierre del periodo.,en_proceso,0
TK-00618,2026-01-09,2026-01-31,Calidad,nomina,alta,correo,usuario178@lafortuna.com.co,Error en el descuento de la quincena,El caso fue reportado por telefono y se registra para trazabilidad.,cerrado,0
TK-00684,2026-05-21,2026-06-23,Talento Humano,otros,media,correo,usuario022@lafortuna.com.co,Pendiente por definir,Se solicita atencion prioritaria porque afecta la operacion del area y el cierre del periodo.,reabierto,1
TK-00654,2026-01-01,2026-02-03,Calidad,red,media,correo,usuario044@lafortuna.com.co,No carga el sistema desde la sede sur,El caso fue reportado por telefono y se registra para trazabilidad.,cerrado,0
TK-00305,2025-02-04,,Contabilidad,viaticos,baja,mesa de ayuda,usuario065@lafortuna.com.co,Cual es el monto autorizado para hospedaje,El solicitante indica que la novedad se presenta de forma intermitente desde hace tres dias.,en_proceso,0
TK-00874,2025-11-22,2025-11-22,Contabilidad,hardware,critica,correo,usuario122@lafortuna.com.co,Solicito reposicion de diadema danada,Se adjunta captura de pantalla del mensaje de error recibido.,cerrado,0
TK-00996,2026-01-09,2026-02-09,Compras,compras,media,telefono,usuario132@lafortuna.com.co,El proveedor no ha entregado lo solicitado,,cerrado,0
TK-01457,2026-06-08,,Comercial,aplicaciones,baja,correo,usuario150@lafortuna.com.co,Error al guardar el formulario de ingreso,Se solicita atencion prioritaria porque afecta la operacion del area y el cierre del periodo.,reabierto,1
TK-01553,2025-01-21,,Aplicaciones,accesos,critica,correo,usuario127@lafortuna.com.co,Solicito permiso al modulo de cartera,El solicitante indica que la novedad se presenta de forma intermitente desde hace tres dias.,abierto,0
TK-01012,2026-05-19,2026-06-29,Comercial,hardware,baja,mesa de ayuda,usuario051@lafortuna.com.co,El teclado dejo de responder,Requerimiento remitido por la jefatura del area para gestion.,cerrado,0
TK-01416,2026-06-02,2026-06-24,Compras,incidente,alta,telefono,usuario171@lafortuna.com.co,Caida total del sistema en la sede principal,,cerrado,0
TK-00463,2026-04-30,,Calidad,capacitacion,critica,telefono,usuario025@lafortuna.com.co,Solicito capacitacion en el modulo nuevo,Se solicita atencion prioritaria porque afecta la operacion del area y el cierre del periodo.,reabierto,0
TK-01784,2026-05-10,,Contabilidad,reportes,alta,correo,usuario095@lafortuna.com.co,Solicito exportar el listado a Excel,El solicitante indica que la novedad se presenta de forma intermitente desde hace tres dias.,escalado,0
TK-01893,2025-11-12,,Infraestructura,capacitacion,media,formulario web,usuario165@lafortuna.com.co,Necesito material del curso de la semana pasada,El solicitante indica que la novedad se presenta de forma intermitente desde hace tres dias.,en_proceso,0
TK-01867,2025-08-29,,Infraestructura,red,media,correo,usuario010@lafortuna.com.co,No carga el sistema desde la sede sur,,en_proceso,0
TK-01158,2025-06-09,2025-07-11,Aplicaciones,incidente,critica,mesa de ayuda,usuario162@lafortuna.com.co,Caida total del sistema en la sede principal,Se adjunta captura de pantalla del mensaje de error recibido.,cerrado,0
TK-00954,2026-03-06,,Comercial,accesos,alta,telefono,usuario043@lafortuna.com.co,Solicito permiso al modulo de cartera,El caso fue reportado por telefono y se registra para trazabilidad.,abierto,0
TK-00675,2026-05-11,,Comercial,conectividad,alta,mesa de ayuda,usuario101@lafortuna.com.co,Muy lenta la conexion en la bodega,Se solicita atencion prioritaria porque afecta la operacion del area y el cierre del periodo.,abierto,0
TK-00141,2026-06-21,,Calidad,incidente,critica,mesa de ayuda,usuario155@lafortuna.com.co,Perdida de informacion en el modulo de inventario,Se solicita atencion prioritaria porque afecta la operacion del area y el cierre del periodo.,abierto,0
TK-00713,2026-01-12,,Calidad,nomina,baja,telefono,usuario015@lafortuna.com.co,Solicito certificado laboral con salario,El solicitante indica que la novedad se presenta de forma intermitente desde hace tres dias.,abierto,0
TK-01090,2026-04-28,2026-06-09,Contabilidad,nomina,media,mesa de ayuda,usuario080@lafortuna.com.co,Error en el descuento de la quincena,El caso fue reportado por telefono y se registra para trazabilidad.,cerrado,0
TK-01805,2026-05-09,,Contabilidad,capacitacion,alta,telefono,usuario109@lafortuna.com.co,Necesito material del curso de la semana pasada,El usuario reporta la novedad desde el inicio de la jornada y requiere solucion para continuar con su labor.,escalado,0
TK-01920,2025-04-27,,Contabilidad,hardware,alta,correo,usuario023@lafortuna.com.co,El portatil no enciende desde ayer,Se solicita atencion prioritaria porque afecta la operacion del area y el cierre del periodo.,reabierto,1
TK-01154,2025-02-26,2025-02-26,Operaciones,reportes,alta,formulario,usuario098@lafortuna.com.co,El informe muestra cifras distintas al sistema,Se solicita atencion prioritaria porque afecta la operacion del area y el cierre del periodo.,cerrado,0
TK-01820,2025-04-22,2025-05-29,Contabilidad,accesos,alta,correo,usuario115@lafortuna.com.co,Necesito acceso a la carpeta compartida de mi area,El solicitante indica que la novedad se presenta de forma intermitente desde hace tres dias.,cerrado,0
TK-00767,2026-05-07,,Calidad,nomina,alta,correo,usuario024@lafortuna.com.co,Solicito certificado laboral con salario,Requerimiento remitido por la jefatura del area para gestion.,en_proceso,0
TK-00092,2025-12-08,,Aplicaciones,vacaciones,baja,mesa de ayuda,usuario109@lafortuna.com.co,Puedo dividir mis vacaciones en dos periodos,Se adjunta captura de pantalla del mensaje de error recibido.,escalado,0
TK-00999,2025-11-14,,Calidad,otros,baja,formulario web,usuario151@lafortuna.com.co,Consulta general,El solicitante indica que la novedad se presenta de forma intermitente desde hace tres dias.,en_proceso,0
TK-00823,2025-02-12,,Talento Humano,hardware,alta,formulario web,usuario115@lafortuna.com.co,El teclado dejo de responder,El solicitante indica que la novedad se presenta de forma intermitente desde hace tres dias.,en_proceso,0
TK-01777,2025-05-11,,Calidad,viaticos,media,correo,usuario035@lafortuna.com.co,Cual es el monto autorizado para hospedaje,Requerimiento remitido por la jefatura del area para gestion.,abierto,0
TK-00284,2025-08-26,2025-09-28,Comercial,capacitacion,baja,correo,usuario163@lafortuna.com.co,Necesito material del curso de la semana pasada,El caso fue reportado por telefono y se registra para trazabilidad.,en_proceso,0
TK-00079,2025-10-29,2025-11-15,Aplicaciones,software,media,formulario,usuario024@lafortuna.com.co,Aparece un mensaje de sesion expirada cada cinco minutos,El usuario reporta la novedad desde el inicio de la jornada y requiere solucion para continuar con su labor.,cerrado,0
TK-01549,2026-04-16,,Contabilidad,software,baja,correo,usuario150@lafortuna.com.co,Error al guardar el formulario de ingreso,El caso fue reportado por telefono y se registra para trazabilidad.,abierto,0
TK-01013,2026-01-17,,Infraestructura,aplicaciones,media,mesa de ayuda,usuario149@lafortuna.com.co,Aparece un mensaje de sesion expirada cada cinco minutos,Requerimiento remitido por la jefatura del area para gestion.,abierto,0
TK-00294,2026-01-05,2026-01-16,Calidad,hardware,baja,correo,usuario125@lafortuna.com.co,El portatil no enciende desde ayer,Se solicita atencion prioritaria porque afecta la operacion del area y el cierre del periodo.,reabierto,2
TK-01529,2025-02-11,2025-03-02,Calidad,gestion_de_accesos,critica,telefono,usuario056@lafortuna.com.co,No puedo entrar al sistema Centrica,,cerrado,0
TK-00267,2025-05-14,2025-06-17,Compras,red,baja,formulario web,usuario041@lafortuna.com.co,La VPN se desconecta cada media hora,El solicitante indica que la novedad se presenta de forma intermitente desde hace tres dias.,cerrado,0
TK-01292,2025-11-08,,Aplicaciones,compras,media,telefono,usuario069@lafortuna.com.co,Estado de la orden de compra 4471,Se adjunta captura de pantalla del mensaje de error recibido.,reabierto,2
TK-00790,2026-04-28,2026-05-01,Compras,otros,alta,telefono,usuario024@lafortuna.com.co,Pendiente por definir,,reabierto,1
TK-01698,2025-07-03,2025-07-21,Compras,nomina,media,correo,usuario028@lafortuna.com.co,Error en el descuento de la quincena,Se solicita atencion prioritaria porque afecta la operacion del area y el cierre del periodo.,cerrado,0
TK-00656,2026-05-06,,Compras,software,media,telefono,usuario137@lafortuna.com.co,Aparece un mensaje de sesion expirada cada cinco minutos,El caso fue reportado por telefono y se registra para trazabilidad.,reabierto,3
TK-01833,2025-07-15,,Aplicaciones,incidente,alta,formulario web,usuario065@lafortuna.com.co,Caida total del sistema en la sede principal,Se solicita atencion prioritaria porque afecta la operacion del area y el cierre del periodo.,en_proceso,0
TK-00249,2025-09-19,,Infraestructura,reportes,critica,telefono,usuario130@lafortuna.com.co,El reporte no incluye la sede nueva,El solicitante indica que la novedad se presenta de forma intermitente desde hace tres dias.,escalado,0
TK-00336,2025-08-25,,Compras,incidente,baja,telefono,usuario120@lafortuna.com.co,Caida total del sistema en la sede principal,Se adjunta captura de pantalla del mensaje de error recibido.,abierto,0
TK-01634,2026-03-21,,Infraestructura,red,alta,correo,usuario036@lafortuna.com.co,La VPN se desconecta cada media hora,El solicitante indica que la novedad se presenta de forma intermitente desde hace tres dias.,en_proceso,0
TK-01300,2026-03-23,2026-04-14,Comercial,software,alta,telefono,usuario042@lafortuna.com.co,Necesito que instalen el visor de planos,Requerimiento remitido por la jefatura del area para gestion.,cerrado,0
TK-01440,2025-04-01,,Talento Humano,compras,baja,formulario,usuario171@lafortuna.com.co,Estado de la orden de compra 4471,Requerimiento remitido por la jefatura del area para gestion.,abierto,0
TK-01537,2025-02-01,2025-03-12,Talento Humano,incidente,media,mesa de ayuda,usuario046@lafortuna.com.co,Se cayo el servicio de facturacion,Requerimiento remitido por la jefatura del area para gestion.,cerrado,0
TK-00672,2025-09-14,,Compras,vacaciones,media,mesa de ayuda,usuario150@lafortuna.com.co,Con cuanta anticipacion debo solicitar vacaciones,El usuario reporta la novedad desde el inicio de la jornada y requiere solucion para continuar con su labor.,reabierto,1
TK-00354,2025-08-28,,Infraestructura,compras,critica,mesa de ayuda,usuario054@lafortuna.com.co,Estado de la orden de compra 4471,El usuario reporta la novedad desde el inicio de la jornada y requiere solucion para continuar con su labor.,reabierto,3
TK-01049,2025-03-10,2025-03-22,Comercial,accesos,media,correo,usuario158@lafortuna.com.co,No puedo entrar al sistema Centrica,El usuario reporta la novedad desde el inicio de la jornada y requiere solucion para continuar con su labor.,cerrado,0
TK-00480,2026-01-13,,Operaciones,incidente,media,correo,usuario128@lafortuna.com.co,Los usuarios reportan lentitud generalizada,El usuario reporta la novedad desde el inicio de la jornada y requiere solucion para continuar con su labor.,reabierto,3
TK-01697,2026-05-21,2026-06-04,Compras,hardware,media,correo,usuario159@lafortuna.com.co,Necesito un monitor adicional para el puesto,El solicitante indica que la novedad se presenta de forma intermitente desde hace tres dias.,cerrado,0
TK-00661,2025-08-26,,Compras,hardware,baja,formulario,usuario045@lafortuna.com.co,El portatil no enciende desde ayer,Requerimiento remitido por la jefatura del area para gestion.,en_proceso,0
TK-00127,2025-07-20,2025-08-02,Comercial,hardware,media,correo,usuario178@lafortuna.com.co,La impresora de la sede norte imprime rayada,El solicitante indica que la novedad se presenta de forma intermitente desde hace tres dias.,en_proceso,0
TK-00730,2026-03-03,2026-03-27,Calidad,nomina,media,mesa de ayuda,usuario137@lafortuna.com.co,Error en el descuento de la quincena,Se adjunta captura de pantalla del mensaje de error recibido.,cerrado,0
TK-01178,2025-08-15,2025-09-26,Infraestructura,conectividad,media,correo,usuario068@lafortuna.com.co,No carga el sistema desde la sede sur,Se solicita atencion prioritaria porque afecta la operacion del area y el cierre del periodo.,en_proceso,0
TK-01780,2026-01-28,,Compras,accesos,baja,formulario,usuario073@lafortuna.com.co,Necesito acceso a la carpeta compartida de mi area,Se solicita atencion prioritaria porque afecta la operacion del area y el cierre del periodo.,escalado,0
TK-01113,2025-01-06,2025-01-17,Contabilidad,hardware,critica,correo,usuario098@lafortuna.com.co,La impresora de la sede norte imprime rayada,El usuario reporta la novedad desde el inicio de la jornada y requiere solucion para continuar con su labor.,en_proceso,0
TK-01757,2025-05-19,2025-06-28,Operaciones,software,media,correo,usuario014@lafortuna.com.co,Necesito que instalen el visor de planos,Se adjunta captura de pantalla del mensaje de error recibido.,cerrado,0
TK-00579,2025-05-05,,Comercial,otros,media,mesa de ayuda,usuario075@lafortuna.com.co,Consulta general,El solicitante indica que la novedad se presenta de forma intermitente desde hace tres dias.,en_proceso,0
TK-01279,2025-07-18,,Comercial,incidente,media,formulario,usuario130@lafortuna.com.co,Caida total del sistema en la sede principal,Se solicita atencion prioritaria porque afecta la operacion del area y el cierre del periodo.,abierto,0
TK-00038,2025-05-17,,Comercial,otros,media,correo,usuario121@lafortuna.com.co,Solicitud varias,,en_proceso,0
TK-00746,2025-07-11,,Talento Humano,vacaciones,media,correo,usuario178@lafortuna.com.co,Con cuanta anticipacion debo solicitar vacaciones,El caso fue reportado por telefono y se registra para trazabilidad.,abierto,0
TK-00158,2025-07-09,,Comercial,reportes,alta,telefono,usuario029@lafortuna.com.co,El informe muestra cifras distintas al sistema,El caso fue reportado por telefono y se registra para trazabilidad.,abierto,0
TK-00538,2025-07-09,,Calidad,capacitacion,critica,telefono,usuario127@lafortuna.com.co,Necesito material del curso de la semana pasada,El caso fue reportado por telefono y se registra para trazabilidad.,escalado,0
TK-01817,2025-04-25,2025-05-22,Calidad,gestion_de_accesos,alta,telefono,usuario122@lafortuna.com.co,Solicito permiso al modulo de cartera,El solicitante indica que la novedad se presenta de forma intermitente desde hace tres dias.,cerrado,0
TK-00466,2026-05-14,2026-06-06,Calidad,software,alta,formulario,usuario099@lafortuna.com.co,Necesito que instalen el visor de planos,Se solicita atencion prioritaria porque afecta la operacion del area y el cierre del periodo.,cerrado,0
TK-00299,2026-02-13,2026-03-30,Calidad,compras,critica,correo,usuario162@lafortuna.com.co,El proveedor no ha entregado lo solicitado,Se solicita atencion prioritaria porque afecta la operacion del area y el cierre del periodo.,cerrado,0
TK-01093,2025-08-03,,Comercial,sin_clasificar,media,telefono,usuario037@lafortuna.com.co,Pendiente por definir,Requerimiento remitido por la jefatura del area para gestion.,abierto,0
TK-01199,2026-02-12,,Comercial,red,baja,mesa de ayuda,usuario096@lafortuna.com.co,La VPN se desconecta cada media hora,El caso fue reportado por telefono y se registra para trazabilidad.,en_proceso,0
TK-01773,2025-05-29,2025-07-11,Infraestructura,viaticos,alta,mesa de ayuda,usuario035@lafortuna.com.co,Cual es el monto autorizado para hospedaje,,cerrado,0
TK-00239,2025-11-03,2025-11-20,Contabilidad,aplicaciones,critica,formulario web,usuario130@lafortuna.com.co,La version instalada no coincide con la del area,El usuario reporta la novedad desde el inicio de la jornada y requiere solucion para continuar con su labor.,reabierto,1
TK-00597,2026-02-06,,Contabilidad,reportes,critica,telefono,usuario171@lafortuna.com.co,Solicito exportar el listado a Excel,El usuario reporta la novedad desde el inicio de la jornada y requiere solucion para continuar con su labor.,reabierto,1
TK-01608,2025-10-08,,Infraestructura,accesos,alta,telefono,usuario103@lafortuna.com.co,Necesito acceso a la carpeta compartida de mi area,El solicitante indica que la novedad se presenta de forma intermitente desde hace tres dias.,abierto,0
TK-00166,2025-08-19,2025-08-30,Contabilidad,software,alta,formulario,usuario016@lafortuna.com.co,La version instalada no coincide con la del area,Requerimiento remitido por la jefatura del area para gestion.,cerrado,0
TK-00230,2025-12-22,,Talento Humano,conectividad,alta,formulario web,usuario110@lafortuna.com.co,Sin internet en el segundo piso,Se adjunta captura de pantalla del mensaje de error recibido.,reabierto,3
TK-01447,2026-05-31,2026-06-09,Comercial,reportes,critica,formulario,usuario091@lafortuna.com.co,El reporte no incluye la sede nueva,Requerimiento remitido por la jefatura del area para gestion.,cerrado,1
TK-00022,2026-06-20,2026-07-31,Contabilidad,hardware,alta,telefono,usuario088@lafortuna.com.co,Necesito un monitor adicional para el puesto,El caso fue reportado por telefono y se registra para trazabilidad.,reabierto,3
TK-01021,2025-11-06,2025-11-22,Aplicaciones,accesos,baja,formulario web,usuario105@lafortuna.com.co,Se bloqueo mi usuario tras varios intentos,Se solicita atencion prioritaria porque afecta la operacion del area y el cierre del periodo.,cerrado,1
TK-00211,2026-05-23,,Comercial,software,critica,telefono,usuario162@lafortuna.com.co,Error al guardar el formulario de ingreso,Se solicita atencion prioritaria porque afecta la operacion del area y el cierre del periodo.,reabierto,2
TK-00495,2025-11-02,,Talento Humano,otros,media,telefono,usuario021@lafortuna.com.co,Solicitud varias,Requerimiento remitido por la jefatura del area para gestion.,reabierto,1
TK-01581,2026-01-21,,Operaciones,hardware,critica,telefono,usuario097@lafortuna.com.co,El teclado dejo de responder,Se adjunta captura de pantalla del mensaje de error recibido.,en_proceso,0
TK-01814,2025-08-23,2025-09-01,Compras,aplicaciones,critica,correo,usuario105@lafortuna.com.co,La aplicacion se cierra al generar el informe,Se adjunta captura de pantalla del mensaje de error recibido.,reabierto,1
TK-00884,2025-08-03,,Compras,vacaciones,alta,formulario,usuario172@lafortuna.com.co,Cuantos dias tengo acumulados,El caso fue reportado por telefono y se registra para trazabilidad.,en_proceso,0
TK-01593,2025-02-18,,Compras,hardware,alta,correo,usuario062@lafortuna.com.co,Solicito reposicion de diadema danada,Se solicita atencion prioritaria porque afecta la operacion del area y el cierre del periodo.,abierto,0
TK-01776,2025-12-14,2026-01-23,Aplicaciones,hardware,alta,correo,usuario013@lafortuna.com.co,La impresora de la sede norte imprime rayada,,cerrado,0
TK-01083,2025-06-27,,Infraestructura,conectividad,alta,mesa de ayuda,usuario171@lafortuna.com.co,Muy lenta la conexion en la bodega,Se solicita atencion prioritaria porque afecta la operacion del area y el cierre del periodo.,abierto,0
TK-00669,2025-07-05,2025-07-26,Compras,vacaciones,baja,correo,usuario104@lafortuna.com.co,Me negaron las vacaciones solicitadas,El usuario reporta la novedad desde el inicio de la jornada y requiere solucion para continuar con su labor.,cerrado,0
TK-01201,2025-08-12,,Contabilidad,accesos,baja,formulario web,usuario034@lafortuna.com.co,Se bloqueo mi usuario tras varios intentos,Se solicita atencion prioritaria porque afecta la operacion del area y el cierre del periodo.,abierto,0
TK-00824,2025-02-28,,Compras,hardware,alta,correo,usuario174@lafortuna.com.co,Necesito un monitor adicional para el puesto,Se adjunta captura de pantalla del mensaje de error recibido.,reabierto,0
TK-01134,2026-06-12,2026-07-04,Aplicaciones,incidente,critica,correo,usuario004@lafortuna.com.co,Perdida de informacion en el modulo de inventario,,en_proceso,0
TK-01932,2026-03-17,,Operaciones,accesos,baja,telefono,usuario034@lafortuna.com.co,Necesito acceso a la carpeta compartida de mi area,El caso fue reportado por telefono y se registra para trazabilidad.,reabierto,1
TK-01927,2025-06-19,2025-07-04,Calidad,software,baja,formulario web,usuario097@lafortuna.com.co,Necesito que instalen el visor de planos,El usuario reporta la novedad desde el inicio de la jornada y requiere solucion para continuar con su labor.,cerrado,1
TK-01544,2026-06-23,,Contabilidad,reportes,alta,mesa de ayuda,usuario038@lafortuna.com.co,Solicito exportar el listado a Excel,,reabierto,3
TK-01825,2025-05-24,2025-06-26,Compras,sin_clasificar,media,formulario,usuario010@lafortuna.com.co,Solicitud varias,El solicitante indica que la novedad se presenta de forma intermitente desde hace tres dias.,cerrado,0
TK-01748,2025-09-08,,Aplicaciones,accesos,critica,correo,usuario122@lafortuna.com.co,Me retiraron el acceso y aun trabajo en el proceso,Se solicita atencion prioritaria porque afecta la operacion del area y el cierre del periodo.,abierto,0
TK-00925,2026-01-24,,Calidad,conectividad,alta,formulario web,usuario028@lafortuna.com.co,No carga el sistema desde la sede sur,El usuario reporta la novedad desde el inicio de la jornada y requiere solucion para continuar con su labor.,en_proceso,0
TK-01584,2026-02-12,,Contabilidad,hardware,alta,telefono,usuario066@lafortuna.com.co,Solicito reposicion de diadema danada,,en_proceso,0
TK-00436,2025-11-06,,Comercial,vacaciones,critica,formulario,usuario107@lafortuna.com.co,Con cuanta anticipacion debo solicitar vacaciones,El usuario reporta la novedad desde el inicio de la jornada y requiere solucion para continuar con su labor.,abierto,0
TK-00805,2025-05-12,2025-06-11,Aplicaciones,red,media,telefono,usuario094@lafortuna.com.co,Sin internet en el segundo piso,El caso fue reportado por telefono y se registra para trazabilidad.,cerrado,0
TK-00235,2026-03-09,,Calidad,reportes,critica,correo,usuario104@lafortuna.com.co,El reporte no incluye la sede nueva,Requerimiento remitido por la jefatura del area para gestion.,abierto,0
TK-00446,2025-11-26,,Infraestructura,software,critica,correo,usuario061@lafortuna.com.co,Error al guardar el formulario de ingreso,Se adjunta captura de pantalla del mensaje de error recibido.,reabierto,3
TK-01923,2025-11-30,,Infraestructura,red,media,formulario web,usuario002@lafortuna.com.co,Sin internet en el segundo piso,,abierto,0
TK-00179,2025-12-26,2026-01-29,Infraestructura,capacitacion,alta,formulario web,usuario097@lafortuna.com.co,Solicito capacitacion en el modulo nuevo,El usuario reporta la novedad desde el inicio de la jornada y requiere solucion para continuar con su labor.,cerrado,0
TK-01136,2025-10-27,2025-11-22,Compras,compras,alta,telefono,usuario060@lafortuna.com.co,Estado de la orden de compra 4471,Se adjunta captura de pantalla del mensaje de error recibido.,cerrado,0
TK-01313,2025-06-11,2025-07-17,Operaciones,accesos,media,correo,usuario161@lafortuna.com.co,Se bloqueo mi usuario tras varios intentos,El usuario reporta la novedad desde el inicio de la jornada y requiere solucion para continuar con su labor.,cerrado,1
TK-01345,2026-02-12,2026-03-19,Operaciones,nomina,media,correo,usuario010@lafortuna.com.co,Diferencia en el pago de horas extras,Se adjunta captura de pantalla del mensaje de error recibido.,cerrado,0
TK-01711,2025-01-09,2025-01-21,Contabilidad,hardware,alta,correo,usuario033@lafortuna.com.co,El teclado dejo de responder,Se adjunta captura de pantalla del mensaje de error recibido.,en_proceso,0
TK-00789,2025-01-26,,Comercial,incidente,media,telefono,usuario143@lafortuna.com.co,Los usuarios reportan lentitud generalizada,El caso fue reportado por telefono y se registra para trazabilidad.,escalado,0
TK-01200,2025-09-13,2025-10-04,Compras,aplicaciones,alta,correo,usuario042@lafortuna.com.co,La version instalada no coincide con la del area,Se adjunta captura de pantalla del mensaje de error recibido.,cerrado,0
TK-01375,2025-01-13,,Contabilidad,accesos,alta,correo,usuario140@lafortuna.com.co,No puedo entrar al sistema Centrica,Se solicita atencion prioritaria porque afecta la operacion del area y el cierre del periodo.,en_proceso,0
TK-00471,2025-08-21,2025-09-09,Aplicaciones,accesos,alta,formulario web,usuario035@lafortuna.com.co,Se bloqueo mi usuario tras varios intentos,El caso fue reportado por telefono y se registra para trazabilidad.,cerrado,0
TK-01734,2025-12-31,,Contabilidad,red,baja,correo,usuario141@lafortuna.com.co,La VPN se desconecta cada media hora,El usuario reporta la novedad desde el inicio de la jornada y requiere solucion para continuar con su labor.,abierto,0
TK-00566,2025-04-05,,Comercial,incidente,alta,telefono,usuario084@lafortuna.com.co,Se cayo el servicio de facturacion,Se adjunta captura de pantalla del mensaje de error recibido.,abierto,0
TK-01249,2026-05-09,,Comercial,red,alta,mesa de ayuda,usuario114@lafortuna.com.co,Muy lenta la conexion en la bodega,,en_proceso,0
TK-00243,2025-05-15,,Compras,nomina,alta,formulario,usuario107@lafortuna.com.co,No me llego el desprendible de pago,El solicitante indica que la novedad se presenta de forma intermitente desde hace tres dias.,en_proceso,0
TK-01221,2026-02-27,,Contabilidad,compras,media,mesa de ayuda,usuario140@lafortuna.com.co,Como registro un proveedor nuevo,Se adjunta captura de pantalla del mensaje de error recibido.,en_proceso,0
TK-00903,2026-03-28,,Infraestructura,nomina,alta,correo,usuario048@lafortuna.com.co,Diferencia en el pago de horas extras,El solicitante indica que la novedad se presenta de forma intermitente desde hace tres dias.,abierto,0
TK-00816,2026-05-06,2026-06-12,Compras,software,alta,formulario web,usuario134@lafortuna.com.co,Aparece un mensaje de sesion expirada cada cinco minutos,El usuario reporta la novedad desde el inicio de la jornada y requiere solucion para continuar con su labor.,cerrado,1
TK-00876,2025-02-13,,Contabilidad,otros,critica,mesa de ayuda,usuario013@lafortuna.com.co,Pendiente por definir,Se adjunta captura de pantalla del mensaje de error recibido.,abierto,0
TK-01946,2025-06-09,2025-06-20,Aplicaciones,software,alta,correo,usuario171@lafortuna.com.co,Necesito que instalen el visor de planos,,reabierto,1
TK-01699,2026-04-08,2026-04-13,Calidad,aplicaciones,critica,mesa de ayuda,usuario153@lafortuna.com.co,Necesito que instalen el visor de planos,El caso fue reportado por telefono y se registra para trazabilidad.,cerrado,0
TK-01653,2025-10-04,,Operaciones,software,baja,telefono,usuario172@lafortuna.com.co,Necesito que instalen el visor de planos,El usuario reporta la novedad desde el inicio de la jornada y requiere solucion para continuar con su labor.,abierto,0
TK-01350,2025-06-21,2025-07-04,Operaciones,vacaciones,alta,formulario web,usuario046@lafortuna.com.co,Me negaron las vacaciones solicitadas,Se solicita atencion prioritaria porque afecta la operacion del area y el cierre del periodo.,cerrado,0
TK-00424,2026-05-05,,Aplicaciones,gestion_de_accesos,alta,correo,usuario120@lafortuna.com.co,Me retiraron el acceso y aun trabajo en el proceso,El usuario reporta la novedad desde el inicio de la jornada y requiere solucion para continuar con su labor.,abierto,0
TK-01439,2025-04-17,,Contabilidad,conectividad,media,mesa de ayuda,usuario048@lafortuna.com.co,No carga el sistema desde la sede sur,Se solicita atencion prioritaria porque afecta la operacion del area y el cierre del periodo.,abierto,0
TK-00376,2026-04-04,,Compras,compras,media,formulario web,usuario037@lafortuna.com.co,Estado de la orden de compra 4471,,escalado,0
TK-00058,2025-11-21,,Calidad,incidente,alta,correo,usuario167@lafortuna.com.co,Caida total del sistema en la sede principal,Se solicita atencion prioritaria porque afecta la operacion del area y el cierre del periodo.,escalado,0
TK-01573,2026-03-13,2026-04-09,Contabilidad,capacitacion,alta,telefono,usuario088@lafortuna.com.co,Cuando es la proxima induccion,Se adjunta captura de pantalla del mensaje de error recibido.,cerrado,0
TK-00002,2025-12-10,2026-01-10,Compras,viaticos,baja,mesa de ayuda,usuario097@lafortuna.com.co,Como legalizo los viaticos del viaje a la costa,El solicitante indica que la novedad se presenta de forma intermitente desde hace tres dias.,cerrado,0
TK-00292,2026-01-25,,Operaciones,hardware,media,correo,usuario030@lafortuna.com.co,Necesito un monitor adicional para el puesto,El caso fue reportado por telefono y se registra para trazabilidad.,escalado,0
TK-01144,2025-07-20,2025-08-23,Comercial,otros,alta,mesa de ayuda,usuario079@lafortuna.com.co,Requerimiento del area,Se adjunta captura de pantalla del mensaje de error recibido.,reabierto,1
TK-00171,2026-03-31,2026-04-24,Comercial,software,baja,formulario web,usuario063@lafortuna.com.co,La aplicacion se cierra al generar el informe,El caso fue reportado por telefono y se registra para trazabilidad.,cerrado,0
TK-01726,2025-04-14,2025-05-02,Infraestructura,capacitacion,critica,correo,usuario107@lafortuna.com.co,Necesito material del curso de la semana pasada,El caso fue reportado por telefono y se registra para trazabilidad.,cerrado,0
TK-00769,2025-09-26,,Comercial,software,alta,telefono,usuario040@lafortuna.com.co,La version instalada no coincide con la del area,El usuario reporta la novedad desde el inicio de la jornada y requiere solucion para continuar con su labor.,escalado,0
TK-00914,2026-05-07,2026-05-22,Aplicaciones,compras,media,correo,usuario032@lafortuna.com.co,Necesito cotizacion para equipos de la bodega,El solicitante indica que la novedad se presenta de forma intermitente desde hace tres dias.,escalado,0
TK-01029,2026-06-07,2026-06-30,Aplicaciones,conectividad,media,formulario web,usuario037@lafortuna.com.co,No carga el sistema desde la sede sur,Se adjunta captura de pantalla del mensaje de error recibido.,cerrado,0
TK-01746,2026-02-21,,Talento Humano,viaticos,baja,telefono,usuario099@lafortuna.com.co,No me han reembolsado los gastos del mes pasado,El usuario reporta la novedad desde el inicio de la jornada y requiere solucion para continuar con su labor.,abierto,0
TK-01588,2025-02-13,,Comercial,incidente,alta,correo,usuario137@lafortuna.com.co,Se cayo el servicio de facturacion,El solicitante indica que la novedad se presenta de forma intermitente desde hace tres dias.,reabierto,2
TK-01185,2025-09-13,,Talento Humano,accesos,alta,correo,usuario022@lafortuna.com.co,No puedo entrar al sistema Centrica,Requerimiento remitido por la jefatura del area para gestion.,reabierto,3
TK-01477,2025-12-19,2026-01-07,Contabilidad,aplicaciones,media,telefono,usuario152@lafortuna.com.co,Aparece un mensaje de sesion expirada cada cinco minutos,El usuario reporta la novedad desde el inicio de la jornada y requiere solucion para continuar con su labor.,cerrado,0
TK-01707,2026-05-23,,Aplicaciones,aplicaciones,baja,telefono,usuario089@lafortuna.com.co,La version instalada no coincide con la del area,Se adjunta captura de pantalla del mensaje de error recibido.,en_proceso,0
TK-00037,2025-07-09,,Aplicaciones,accesos,media,telefono,usuario006@lafortuna.com.co,Necesito acceso a la carpeta compartida de mi area,El usuario reporta la novedad desde el inicio de la jornada y requiere solucion para continuar con su labor.,escalado,0
TK-01045,2025-03-26,,Infraestructura,conectividad,baja,correo,usuario139@lafortuna.com.co,Muy lenta la conexion en la bodega,Requerimiento remitido por la jefatura del area para gestion.,reabierto,0
TK-00241,2026-03-16,,Comercial,aplicaciones,baja,telefono,usuario129@lafortuna.com.co,La aplicacion se cierra al generar el informe,Se solicita atencion prioritaria porque afecta la operacion del area y el cierre del periodo.,abierto,0
TK-00272,2025-05-25,,Operaciones,conectividad,baja,correo,usuario168@lafortuna.com.co,Sin internet en el segundo piso,Requerimiento remitido por la jefatura del area para gestion.,abierto,0
TK-00924,2025-04-05,,Calidad,aplicaciones,media,formulario,usuario160@lafortuna.com.co,Aparece un mensaje de sesion expirada cada cinco minutos,Se adjunta captura de pantalla del mensaje de error recibido.,abierto,0
TK-01525,2026-06-11,,Calidad,reportes,alta,formulario web,usuario012@lafortuna.com.co,El reporte no incluye la sede nueva,,en_proceso,0
TK-00464,2026-03-28,,Operaciones,viaticos,alta,formulario web,usuario136@lafortuna.com.co,Necesito anticipo para comision,Requerimiento remitido por la jefatura del area para gestion.,reabierto,2
TK-01363,2025-03-30,2025-04-01,Calidad,nomina,alta,correo,usuario118@lafortuna.com.co,Diferencia en el pago de horas extras,Se adjunta captura de pantalla del mensaje de error recibido.,cerrado,0
TK-00427,2025-10-05,,Infraestructura,viaticos,alta,mesa de ayuda,usuario123@lafortuna.com.co,Necesito anticipo para comision,,abierto,0
TK-00397,2025-09-21,,Contabilidad,compras,baja,telefono,usuario069@lafortuna.com.co,Necesito cotizacion para equipos de la bodega,El usuario reporta la novedad desde el inicio de la jornada y requiere solucion para continuar con su labor.,abierto,0
TK-00647,2025-09-17,2025-11-01,Compras,viaticos,baja,formulario,usuario115@lafortuna.com.co,No me han reembolsado los gastos del mes pasado,Se adjunta captura de pantalla del mensaje de error recibido.,en_proceso,0
TK-00873,2025-05-08,,Comercial,vacaciones,media,correo,usuario008@lafortuna.com.co,Con cuanta anticipacion debo solicitar vacaciones,El caso fue reportado por telefono y se registra para trazabilidad.,reabierto,1
TK-01367,2026-06-19,,Aplicaciones,compras,baja,correo,usuario087@lafortuna.com.co,Como registro un proveedor nuevo,Se adjunta captura de pantalla del mensaje de error recibido.,reabierto,1
TK-01337,2025-02-13,2025-03-10,Calidad,hardware,alta,formulario web,usuario083@lafortuna.com.co,La impresora de la sede norte imprime rayada,El caso fue reportado por telefono y se registra para trazabilidad.,reabierto,1
TK-01686,2025-11-08,,Comercial,capacitacion,alta,correo,usuario074@lafortuna.com.co,Solicito capacitacion en el modulo nuevo,El usuario reporta la novedad desde el inicio de la jornada y requiere solucion para continuar con su labor.,reabierto,1
TK-01609,2025-08-07,2025-08-31,Infraestructura,compras,baja,telefono,usuario172@lafortuna.com.co,El proveedor no ha entregado lo solicitado,Se adjunta captura de pantalla del mensaje de error recibido.,cerrado,1
TK-01743,2026-06-02,2026-06-12,Calidad,accesos,media,telefono,usuario172@lafortuna.com.co,Se bloqueo mi usuario tras varios intentos,Se adjunta captura de pantalla del mensaje de error recibido.,cerrado,0
TK-01761,2026-05-28,,Comercial,vacaciones,alta,correo,usuario138@lafortuna.com.co,Puedo dividir mis vacaciones en dos periodos,El usuario reporta la novedad desde el inicio de la jornada y requiere solucion para continuar con su labor.,abierto,0
TK-01762,2026-04-22,2026-06-02,Infraestructura,red,media,correo,usuario048@lafortuna.com.co,Sin internet en el segundo piso,El caso fue reportado por telefono y se registra para trazabilidad.,reabierto,3
TK-00853,2025-02-18,2025-02-28,Aplicaciones,nomina,critica,formulario,usuario088@lafortuna.com.co,Solicito certificado laboral con salario,El usuario reporta la novedad desde el inicio de la jornada y requiere solucion para continuar con su labor.,cerrado,0
TK-00337,2026-03-18,,Infraestructura,capacitacion,critica,formulario,usuario039@lafortuna.com.co,Necesito material del curso de la semana pasada,Se solicita atencion prioritaria porque afecta la operacion del area y el cierre del periodo.,reabierto,2
TK-01578,2026-01-01,,Comercial,aplicaciones,media,mesa de ayuda,usuario025@lafortuna.com.co,La aplicacion se cierra al generar el informe,,en_proceso,0
TK-01058,2026-06-25,2026-07-26,Infraestructura,hardware,baja,telefono,usuario050@lafortuna.com.co,Necesito un monitor adicional para el puesto,El usuario reporta la novedad desde el inicio de la jornada y requiere solucion para continuar con su labor.,cerrado,1
TK-01469,2026-03-22,,Calidad,software,media,correo,usuario099@lafortuna.com.co,Aparece un mensaje de sesion expirada cada cinco minutos,Se adjunta captura de pantalla del mensaje de error recibido.,en_proceso,0
TK-01223,2025-10-19,,Aplicaciones,compras,media,formulario web,usuario114@lafortuna.com.co,Necesito cotizacion para equipos de la bodega,El usuario reporta la novedad desde el inicio de la jornada y requiere solucion para continuar con su labor.,abierto,0
TK-01565,2025-06-01,,Talento Humano,compras,baja,mesa de ayuda,usuario096@lafortuna.com.co,El proveedor no ha entregado lo solicitado,Se solicita atencion prioritaria porque afecta la operacion del area y el cierre del periodo.,abierto,0
TK-01400,2026-03-01,2026-03-15,Comercial,capacitacion,critica,telefono,usuario026@lafortuna.com.co,Solicito capacitacion en el modulo nuevo,Requerimiento remitido por la jefatura del area para gestion.,reabierto,3
TK-01062,2025-08-12,,Operaciones,hardware,alta,formulario,usuario006@lafortuna.com.co,El teclado dejo de responder,El usuario reporta la novedad desde el inicio de la jornada y requiere solucion para continuar con su labor.,reabierto,0
TK-00303,2026-02-22,,Aplicaciones,incidente,baja,telefono,usuario159@lafortuna.com.co,Los usuarios reportan lentitud generalizada,El solicitante indica que la novedad se presenta de forma intermitente desde hace tres dias.,reabierto,2
TK-00592,2026-01-17,,Infraestructura,software,media,correo,usuario095@lafortuna.com.co,La aplicacion se cierra al generar el informe,El usuario reporta la novedad desde el inicio de la jornada y requiere solucion para continuar con su labor.,reabierto,1
TK-00950,2025-10-13,,Operaciones,viaticos,media,correo,usuario135@lafortuna.com.co,Necesito anticipo para comision,El caso fue reportado por telefono y se registra para trazabilidad.,abierto,0
TK-00468,2025-11-06,,Calidad,nomina,media,formulario,usuario101@lafortuna.com.co,Solicito certificado laboral con salario,El caso fue reportado por telefono y se registra para trazabilidad.,en_proceso,0
TK-00794,2026-03-13,,Infraestructura,accesos,alta,correo,usuario045@lafortuna.com.co,Se bloqueo mi usuario tras varios intentos,El usuario reporta la novedad desde el inicio de la jornada y requiere solucion para continuar con su labor.,abierto,0
TK-01175,2025-12-17,2025-12-30,Compras,hardware,critica,correo,usuario099@lafortuna.com.co,Necesito un monitor adicional para el puesto,El solicitante indica que la novedad se presenta de forma intermitente desde hace tres dias.,cerrado,0
TK-00890,2025-11-03,,Aplicaciones,gestion_de_accesos,critica,telefono,usuario084@lafortuna.com.co,Me retiraron el acceso y aun trabajo en el proceso,El caso fue reportado por telefono y se registra para trazabilidad.,en_proceso,0
TK-00588,2026-01-30,2026-02-20,Talento Humano,red,critica,telefono,usuario013@lafortuna.com.co,La VPN se desconecta cada media hora,Se solicita atencion prioritaria porque afecta la operacion del area y el cierre del periodo.,reabierto,3
TK-01015,2026-04-22,2026-05-13,Calidad,nomina,critica,correo,usuario008@lafortuna.com.co,Solicito certificado laboral con salario,Se solicita atencion prioritaria porque afecta la operacion del area y el cierre del periodo.,cerrado,0
TK-01770,2025-12-26,,Calidad,gestion_de_accesos,critica,telefono,usuario126@lafortuna.com.co,Necesito acceso a la carpeta compartida de mi area,Requerimiento remitido por la jefatura del area para gestion.,reabierto,2
TK-01569,2025-01-22,2025-02-08,Compras,nomina,baja,telefono,usuario116@lafortuna.com.co,Error en el descuento de la quincena,,cerrado,0
TK-00922,2025-11-25,,Infraestructura,software,media,telefono,usuario081@lafortuna.com.co,La version instalada no coincide con la del area,Requerimiento remitido por la jefatura del area para gestion.,abierto,0
TK-00580,2025-08-23,2025-08-27,Infraestructura,vacaciones,critica,formulario web,usuario020@lafortuna.com.co,Puedo dividir mis vacaciones en dos periodos,El caso fue reportado por telefono y se registra para trazabilidad.,cerrado,0
TK-01309,2025-10-04,,Contabilidad,gestion_de_accesos,critica,mesa de ayuda,usuario115@lafortuna.com.co,Necesito acceso a la carpeta compartida de mi area,El usuario reporta la novedad desde el inicio de la jornada y requiere solucion para continuar con su labor.,reabierto,3
TK-01688,2025-08-05,,Contabilidad,red,media,formulario,usuario052@lafortuna.com.co,La VPN se desconecta cada media hora,El caso fue reportado por telefono y se registra para trazabilidad.,escalado,0
TK-01959,2026-06-26,,Talento Humano,software,baja,correo,usuario111@lafortuna.com.co,La version instalada no coincide con la del area,Se solicita atencion prioritaria porque afecta la operacion del area y el cierre del periodo.,reabierto,1
TK-00011,2025-05-04,2025-06-07,Talento Humano,hardware,media,correo,usuario048@lafortuna.com.co,Solicito reposicion de diadema danada,Se solicita atencion prioritaria porque afecta la operacion del area y el cierre del periodo.,cerrado,0
TK-01236,2025-09-18,,Operaciones,aplicaciones,media,formulario web,usuario126@lafortuna.com.co,La version instalada no coincide con la del area,Requerimiento remitido por la jefatura del area para gestion.,escalado,0
TK-01252,2025-03-17,,Aplicaciones,nomina,alta,formulario,usuario003@lafortuna.com.co,Diferencia en el pago de horas extras,El solicitante indica que la novedad se presenta de forma intermitente desde hace tres dias.,reabierto,2
TK-00410,2025-12-27,,Operaciones,viaticos,media,correo,usuario146@lafortuna.com.co,Cual es el monto autorizado para hospedaje,Requerimiento remitido por la jefatura del area para gestion.,escalado,0
TK-01051,2025-04-29,,Talento Humano,hardware,media,telefono,usuario023@lafortuna.com.co,La impresora de la sede norte imprime rayada,Requerimiento remitido por la jefatura del area para gestion.,en_proceso,0
TK-01040,2025-08-11,,Aplicaciones,nomina,media,formulario,usuario107@lafortuna.com.co,Solicito certificado laboral con salario,,reabierto,2
TK-01863,2026-06-07,,Infraestructura,accesos,media,mesa de ayuda,usuario024@lafortuna.com.co,Se bloqueo mi usuario tras varios intentos,Se solicita atencion prioritaria porque afecta la operacion del area y el cierre del periodo.,en_proceso,0
TK-00023,2026-06-27,,Comercial,capacitacion,media,telefono,usuario149@lafortuna.com.co,Solicito capacitacion en el modulo nuevo,,reabierto,3
TK-00316,2026-06-23,,Talento Humano,compras,media,formulario,usuario010@lafortuna.com.co,Como registro un proveedor nuevo,Requerimiento remitido por la jefatura del area para gestion.,abierto,0
TK-00942,2026-01-22,,Infraestructura,conectividad,baja,telefono,usuario068@lafortuna.com.co,No carga el sistema desde la sede sur,Se solicita atencion prioritaria porque afecta la operacion del area y el cierre del periodo.,reabierto,3
TK-01064,2026-04-11,,Infraestructura,software,baja,formulario web,usuario046@lafortuna.com.co,Error al guardar el formulario de ingreso,El usuario reporta la novedad desde el inicio de la jornada y requiere solucion para continuar con su labor.,reabierto,3
TK-00673,2025-01-22,,Comercial,gestion_de_accesos,alta,mesa de ayuda,usuario169@lafortuna.com.co,Me retiraron el acceso y aun trabajo en el proceso,El usuario reporta la novedad desde el inicio de la jornada y requiere solucion para continuar con su labor.,escalado,0
TK-00219,2025-06-12,,Compras,nomina,alta,telefono,usuario035@lafortuna.com.co,Solicito certificado laboral con salario,Se adjunta captura de pantalla del mensaje de error recibido.,escalado,0
TK-00530,2025-10-28,,Operaciones,hardware,baja,telefono,usuario018@lafortuna.com.co,El teclado dejo de responder,El caso fue reportado por telefono y se registra para trazabilidad.,reabierto,0
TK-01195,2025-03-08,,Aplicaciones,compras,baja,correo,usuario150@lafortuna.com.co,Como registro un proveedor nuevo,Requerimiento remitido por la jefatura del area para gestion.,abierto,0
TK-01283,2025-03-11,,Comercial,reportes,critica,formulario web,usuario170@lafortuna.com.co,Solicito exportar el listado a Excel,Requerimiento remitido por la jefatura del area para gestion.,reabierto,2
TK-01835,2025-01-09,2025-01-12,Compras,software,baja,formulario,usuario171@lafortuna.com.co,Error al guardar el formulario de ingreso,El solicitante indica que la novedad se presenta de forma intermitente desde hace tres dias.,escalado,0
TK-01937,2025-07-22,2025-08-13,Calidad,software,critica,correo,usuario134@lafortuna.com.co,La version instalada no coincide con la del area,Se adjunta captura de pantalla del mensaje de error recibido.,cerrado,0
TK-01078,2026-06-19,2026-08-03,Calidad,capacitacion,baja,correo,usuario165@lafortuna.com.co,Necesito material del curso de la semana pasada,El solicitante indica que la novedad se presenta de forma intermitente desde hace tres dias.,cerrado,0
TK-01412,2025-09-27,2025-10-07,Infraestructura,otros,alta,formulario,usuario036@lafortuna.com.co,Solicitud varias,El usuario reporta la novedad desde el inicio de la jornada y requiere solucion para continuar con su labor.,escalado,0
TK-01180,2025-02-21,,Aplicaciones,hardware,baja,mesa de ayuda,usuario070@lafortuna.com.co,Solicito reposicion de diadema danada,Se solicita atencion prioritaria porque afecta la operacion del area y el cierre del periodo.,en_proceso,0
TK-00005,2025-09-05,2025-10-05,Operaciones,aplicaciones,alta,correo,usuario126@lafortuna.com.co,Necesito que instalen el visor de planos,El solicitante indica que la novedad se presenta de forma intermitente desde hace tres dias.,en_proceso,0
TK-01851,2025-04-12,,Infraestructura,otros,media,formulario web,usuario083@lafortuna.com.co,Solicitud varias,El solicitante indica que la novedad se presenta de forma intermitente desde hace tres dias.,en_proceso,0
TK-01348,2025-02-20,,Talento Humano,accesos,baja,formulario,usuario162@lafortuna.com.co,Me retiraron el acceso y aun trabajo en el proceso,Se adjunta captura de pantalla del mensaje de error recibido.,escalado,0
TK-00642,2025-11-22,,Talento Humano,compras,critica,correo,usuario164@lafortuna.com.co,Como registro un proveedor nuevo,El caso fue reportado por telefono y se registra para trazabilidad.,abierto,0
TK-01750,2026-04-10,2026-05-09,Infraestructura,incidente,alta,telefono,usuario117@lafortuna.com.co,Caida total del sistema en la sede principal,Se solicita atencion prioritaria porque afecta la operacion del area y el cierre del periodo.,cerrado,1
TK-01360,2026-03-11,,Contabilidad,gestion_de_accesos,media,formulario,usuario068@lafortuna.com.co,Solicito permiso al modulo de cartera,El solicitante indica que la novedad se presenta de forma intermitente desde hace tres dias.,en_proceso,0
TK-01452,2025-10-17,,Operaciones,conectividad,alta,correo,usuario139@lafortuna.com.co,No carga el sistema desde la sede sur,,en_proceso,0
TK-01724,2025-09-14,2025-09-29,Comercial,compras,media,formulario web,usuario020@lafortuna.com.co,El proveedor no ha entregado lo solicitado,,cerrado,0
TK-01331,2025-10-11,,Infraestructura,red,media,telefono,usuario056@lafortuna.com.co,Muy lenta la conexion en la bodega,Se solicita atencion prioritaria porque afecta la operacion del area y el cierre del periodo.,reabierto,3
TK-00007,2025-01-04,2025-01-28,Compras,conectividad,media,formulario web,usuario159@lafortuna.com.co,Muy lenta la conexion en la bodega,El usuario reporta la novedad desde el inicio de la jornada y requiere solucion para continuar con su labor.,cerrado,0
TK-01683,2026-01-03,,Comercial,hardware,alta,correo,usuario035@lafortuna.com.co,Necesito un monitor adicional para el puesto,El caso fue reportado por telefono y se registra para trazabilidad.,reabierto,3
TK-01208,2026-05-25,,Infraestructura,reportes,media,correo,usuario163@lafortuna.com.co,El reporte no incluye la sede nueva,El usuario reporta la novedad desde el inicio de la jornada y requiere solucion para continuar con su labor.,reabierto,2
TK-01484,2026-03-06,,Infraestructura,viaticos,media,correo,usuario062@lafortuna.com.co,Cual es el monto autorizado para hospedaje,Se adjunta captura de pantalla del mensaje de error recibido.,reabierto,2
TK-00742,2026-03-21,,Aplicaciones,hardware,critica,formulario web,usuario172@lafortuna.com.co,Necesito un monitor adicional para el puesto,El solicitante indica que la novedad se presenta de forma intermitente desde hace tres dias.,abierto,0
TK-01434,2025-04-27,2025-05-25,Talento Humano,reportes,critica,correo,usuario095@lafortuna.com.co,Solicito exportar el listado a Excel,,cerrado,1
TK-00620,2026-03-31,2026-04-29,Aplicaciones,otros,media,correo,usuario117@lafortuna.com.co,Solicitud varias,Requerimiento remitido por la jefatura del area para gestion.,cerrado,0
TK-00192,2025-04-12,2025-04-22,Compras,capacitacion,media,formulario web,usuario081@lafortuna.com.co,Necesito material del curso de la semana pasada,Se adjunta captura de pantalla del mensaje de error recibido.,reabierto,0
TK-01042,2025-01-18,2025-03-03,Aplicaciones,gestion_de_accesos,critica,formulario,usuario077@lafortuna.com.co,Necesito acceso a la carpeta compartida de mi area,,cerrado,0
TK-00760,2025-07-19,2025-08-28,Contabilidad,software,critica,correo,usuario035@lafortuna.com.co,Aparece un mensaje de sesion expirada cada cinco minutos,El solicitante indica que la novedad se presenta de forma intermitente desde hace tres dias.,cerrado,0
TK-00786,2026-04-24,,Calidad,accesos,alta,mesa de ayuda,usuario157@lafortuna.com.co,Necesito acceso a la carpeta compartida de mi area,El caso fue reportado por telefono y se registra para trazabilidad.,abierto,0
TK-01467,2025-12-03,,Compras,conectividad,alta,mesa de ayuda,usuario113@lafortuna.com.co,No carga el sistema desde la sede sur,Se adjunta captura de pantalla del mensaje de error recibido.,reabierto,3
TK-01861,2025-12-07,2025-12-23,Comercial,hardware,alta,telefono,usuario035@lafortuna.com.co,La impresora de la sede norte imprime rayada,Requerimiento remitido por la jefatura del area para gestion.,cerrado,0
TK-00188,2025-01-01,,Calidad,otros,alta,correo,usuario044@lafortuna.com.co,Requerimiento del area,Requerimiento remitido por la jefatura del area para gestion.,abierto,0
TK-00117,2025-05-29,2025-06-19,Talento Humano,aplicaciones,critica,telefono,usuario180@lafortuna.com.co,La aplicacion se cierra al generar el informe,El caso fue reportado por telefono y se registra para trazabilidad.,cerrado,0
TK-00441,2026-04-20,,Talento Humano,accesos,media,formulario web,usuario005@lafortuna.com.co,Solicito permiso al modulo de cartera,,reabierto,1
TK-01055,2025-11-02,2025-11-06,Contabilidad,accesos,baja,mesa de ayuda,usuario155@lafortuna.com.co,Necesito acceso a la carpeta compartida de mi area,El caso fue reportado por telefono y se registra para trazabilidad.,cerrado,0
TK-01676,2026-05-18,,Compras,nomina,baja,correo,usuario127@lafortuna.com.co,Error en el descuento de la quincena,,reabierto,2
TK-00231,2026-04-30,2026-05-25,Aplicaciones,gestion_de_accesos,critica,correo,usuario025@lafortuna.com.co,Necesito acceso a la carpeta compartida de mi area,,cerrado,1
TK-00122,2025-11-13,2025-11-20,Operaciones,nomina,critica,formulario web,usuario129@lafortuna.com.co,Solicito certificado laboral con salario,El usuario reporta la novedad desde el inicio de la jornada y requiere solucion para continuar con su labor.,cerrado,0
TK-01788,2026-06-29,2026-07-17,Contabilidad,accesos,alta,formulario,usuario039@lafortuna.com.co,No puedo entrar al sistema Centrica,,cerrado,1
TK-01405,2025-05-07,,Infraestructura,compras,alta,mesa de ayuda,usuario010@lafortuna.com.co,El proveedor no ha entregado lo solicitado,El solicitante indica que la novedad se presenta de forma intermitente desde hace tres dias.,escalado,0
